"Message","Status","Owner","Comment","Link","","","","","","","","","","","","","","","","","","","","","","",""
"HL7 Message - FHIR E2: ACK","Under Construction","","","https://docs.google.com/spreadsheets/d/1QQ08slM8wsmjgqA9V-5tguPouSqlH6iAMCezQjO92po/edit?gid=0#gid=0","","","","","","","","","","","","","","","","","","","","","","",""
"HL7 Message - FHIR E2: ADT_A01","Ready for Ballot","","","https://docs.google.com/spreadsheets/d/1QFZSxihDdClZrRUGNt_Le3JI0TWZJxy-qkdY-hsV77o/edit?gid=0#gid=0","","","","","","","","","","","","","","","","","","","","","","",""
"HL7 Message - FHIR E2: ADT_A02","Ready for Ballot","","","https://docs.google.com/spreadsheets/d/1Nc4xGgFuzQSyIdp6iTkyVndapTB3RzVQQeSYNxrIPM8/edit?gid=0#gid=0","","","","","","","","","","","","","","","","","","","","","","",""
"HL7 Message - FHIR E2: ADT_A05","Ready for Ballot","","","https://docs.google.com/spreadsheets/d/1Je9NkudYOh2maDwrDQ_6k5nkbaRovioO0BVIT1zgYao/edit?gid=0#gid=0","","","","","","","","","","","","","","","","","","","","","","",""
"HL7 Message - FHIR E2: ADT_A06","Ready for Ballot","","","https://docs.google.com/spreadsheets/d/1vebe6l_NLHBehoMPKrsKS3u4e_ZZ_53Wv1TPdO-TNVA/edit?gid=0#gid=0","","","","","","","","","","","","","","","","","","","","","","",""
"HL7 Message - FHIR E2: ADT_A09","Ready for Ballot","","","https://docs.google.com/spreadsheets/d/1k9zRQEBw7szbw6I92wqz-61c_ahZr8q69xz1DD1VnUE/edit?gid=0#gid=0","","","","","","","","","","","","","","","","","","","","","","",""
"HL7 Message - FHIR E2: ADT_A11","Ready for Ballot","","","https://docs.google.com/spreadsheets/d/1-eRKLFbsvV6MKMnY3myb6lMtq1sWdN8GQwPQ5YBNdBs/edit?gid=0#gid=0","","","","","","","","","","","","","","","","","","","","","","",""
"HL7 Message - FHIR E2: ADT_A17","Ready for Ballot","","","https://docs.google.com/spreadsheets/d/1I-6zbFPMqwpmR5ArUps0EzS_DEMnlI4NzOFRqT5esnA/edit?gid=0#gid=0","","","","","","","","","","","","","","","","","","","","","","",""
"","Under Construction","","add more ADT messages as we go","","","","","","","","","","","","","","","","","","","","","","","",""
"HL7 Message - FHIR E2: OML_O21","Ready for Ballot","","","https://docs.google.com/spreadsheets/d/14yOK5YYW8xxMNcCHtjvLw8F7N2n7zzbReWXYQMRlFlU/edit?gid=0#gid=0","","","","","","","","","","","","","","","","","","","","","","",""
"HL7 Message - FHIR E2: ORM_O01","Ready for Ballot","","","https://docs.google.com/spreadsheets/d/1eNiDnjSlvt1FHvJXqbz-dgZ7Yb9lCkALWx_rzEbN0bU/edit?gid=0#gid=0","","","","","","","","","","","","","","","","","","","","","","",""
"HL7 Message - FHIR E2: OML_O33","Under Construction","","Depending on COW progress","","","","","","","","","","","","","","","","","","","","","","","",""
"HL7 Message - FHIR E2: ORL_O34","Under Construction","","Depending on COW progress","","","","","","","","","","","","","","","","","","","","","","","",""
"HL7 Message - FHIR E2: ORU_R01","Ready for Ballot","","Depending on Lab Report Grouping progress","https://docs.google.com/spreadsheets/d/13ptF5qhTqPTVkigGILQIrpM7UzITtQGOu9f3GTGvUf4/edit?gid=0#gid=0","","","","","","","","","","","","","","","","","","","","","","",""
"HL7 Message - FHIR E2: ORU_R01[Micro]","Under Construction","","Depending on Lab Report Grouping progress","https://docs.google.com/spreadsheets/d/13ptF5qhTqPTVkigGILQIrpM7UzITtQGOu9f3GTGvUf4/edit?gid=0#gid=0","","","","","","","","","","","","","","","","","","","","","","",""
"HL7 Message - FHIR E2: OUL_R22","Under Construction","","Depending on Lab Report Grouping progress","","","","","","","","","","","","","","","","","","","","","","","",""
"HL7 Message - FHIR E2: RAS_O17","Under Construction","","","https://docs.google.com/spreadsheets/d/1h3XxTiBfEGyFjT5F2_FlyF2L58-JghXjTddDiz--Xp8/edit?gid=0#gid=0","","","","","","","","","","","","","","","","","","","","","","",""
"HL7 Message - FHIR E2: RDE_O01","Under Construction","","","https://docs.google.com/spreadsheets/d/1_0IBrvTnGyMit9K77nfMHy5zRYJc7MHG-YqGNw3Hn4Q/edit?gid=0#gid=0","","","","","","","","","","","","","","","","","","","","","","",""
"HL7 Message - FHIR E2: RDE_O11","Under Construction","","","https://docs.google.com/spreadsheets/d/1WqtGzbRmfA2-vW1scC5132L07LPeQ4FqH3GXCggmREk/edit?gid=0#gid=0","","","","","","","","","","","","","","","","","","","","","","",""
"HL7 Message - FHIR E2: SIU_S12","Ready for Ballot","","","https://docs.google.com/spreadsheets/d/1zLiRF5iEyBTcApRCN6fVaRv_2Ud4i8JoS2gOSjRpWYA/edit?gid=0#gid=0","","","","","","","","","","","","","","","","","","","","","","",""
"HL7 Message - FHIR E2: VXU_V04","Ready for Ballot","","","https://docs.google.com/spreadsheets/d/1Szx39jLcrCy1ThR4J2vxnAvxGk7g-s2hG4p9jRFAGc0/edit?gid=0#gid=0","","","","","","","","","","","","","","","","","","","","","","",""
"HL7 Message - FHIR E2: MDM_T02","Ready for Ballot","","","https://docs.google.com/spreadsheets/d/14MrAtDbvZdjbKMeSqACg5BzD08zvlu1N9Y3rlsN1v_U/edit?gid=0#gid=0","","","","","","","","","","","","","","","","","","","","","","",""
"HL7 Message - FHIR E2: MDM_T01","Under Construction","","","","","","","","","","","","","","","","","","","","","","","","","",""