"Data Type","Status","Owner","Comment","Link","","","","","","","","","","","","","","","","","","","","","","",""
"HL7 Data Type - FHIR E2: CE[CodeableConcept]","Ready for Ballot","","","https://docs.google.com/spreadsheets/d/1qE8q0mVXxDi7ifCgctSCHs9CqKHZKXThVIYL3X2gxPE/edit?gid=0#gid=0","","","","","","","","","","","","","","","","","","","","","","",""
"HL7 Data Type - FHIR E2: CF[CodeableConcept]","Ready for Ballot","","","https://docs.google.com/spreadsheets/d/194lyZrxikIqKZhR6OiuMHYCEAcqlL_wHrCJiXeQ7brw/edit?gid=0#gid=0","","","","","","","","","","","","","","","","","","","","","","",""
"HL7 Data Type - FHIR E2: CNE[CodeableConcept]","Ready for Ballot","","","https://docs.google.com/spreadsheets/d/1objrzNMmgSveWKkJGMV2MiGAKurGPjl3jPKz0pMKOJU/edit?gid=0#gid=0","","","","","","","","","","","","","","","","","","","","","","",""
"HL7 Data Type - FHIR E2: CNN[Practitioner]","Ready for Ballot","","","https://docs.google.com/spreadsheets/d/1684w1AIkNDo0wc0AW_zgP1wJSr4TIOJOWwi69dE9WRo/edit?gid=0#gid=0","","","","","","","","","","","","","","","","","","","","","","",""
"HL7 Data Type - FHIR E2: CQ[code]","Ready for Ballot","","","https://docs.google.com/spreadsheets/d/1rNslpUwP7d2kR8UiLooFDVtXxLY46zKXOXgFzvwfptI/edit?gid=0#gid=0","","","","","","","","","","","","","","","","","","","","","","",""
"HL7 Data Type - FHIR E2: CQ[decimal]","Ready for Ballot","","","https://docs.google.com/spreadsheets/d/1bXZJpJsEc3KcyyoPN1Hue5mppzKI-A8A-KfcNJOvX2g/edit?gid=0#gid=0","","","","","","","","","","","","","","","","","","","","","","",""
"HL7 Data Type - FHIR E2: CQ[unsignedInt]","Ready for Ballot","","","https://docs.google.com/spreadsheets/d/1vHjZu6DzpQSDyFtSwjziaKDjbjYIFNYdMcFehdwqAYQ/edit?gid=0#gid=0","","","","","","","","","","","","","","","","","","","","","","",""
"HL7 Data Type - FHIR E2: CQ[Quantity]","Ready for Ballot","","OBR-9[Specimen] OK","https://docs.google.com/spreadsheets/d/1IUiddDkzI0eot4tuK5MqK-SkquY1t7PbggtpOndyigQ/edit?gid=0#gid=0","","","","","","","","","","","","","","","","","","","","","","",""
"HL7 Data Type - FHIR E2: CQ[unsignedInt]","Ready for Ballot","","","https://docs.google.com/spreadsheets/d/1Dr318ViThrceee7jo9w1CePjyR8eTSRPi5zx-01aAUs/edit?gid=0#gid=0","","","","","","","","","","","","","","","","","","","","","","",""
"HL7 Data Type - FHIR E2: CWE[Annotation]","Ready for Ballot","","","https://docs.google.com/spreadsheets/d/1TSqL6FPY8eBJwZ0Yk6CqRE3R6jIcjgg0HHuYazO2i18/edit?gid=0#gid=0","","","","","","","","","","","","","","","","","","","","","","",""
"HL7 Data Type - FHIR E2: CWE[code]","Ready for Ballot","","","https://docs.google.com/spreadsheets/d/1AlY2SstDX-PnctOeYqjuc3bJcSsj6DNtgYlnCo0EHDk/edit?gid=0#gid=0","","","","","","","","","","","","","","","","","","","","","","",""
"HL7 Data Type - FHIR E2: CWE[CodeableConcept]","Ready for Ballot","","","https://docs.google.com/spreadsheets/d/1qzL7X8-iGqOMOLJzuDllaJRxYr8-L8ZM9xMFwybbqzM/edit?gid=0#gid=0","","","","","","","","","","","","","","","","","","","","","","",""
"HL7 Data Type - FHIR E2: CWE[Coding]","Ready for Ballot","","","https://docs.google.com/spreadsheets/d/17mK99p-cXxvvCPmmY8qFNg99rrNFrc3Koz0FWPffHqc/edit?gid=0#gid=0","","","","","","","","","","","","","","","","","","","","","","",""
"HL7 Data Type - FHIR E2: CWE[Device]","Ready for Ballot","","","https://docs.google.com/spreadsheets/d/1Ferk30bObvh-z9thWiyTt4uhWPOl4b3DvGqEV_zFab8/edit?gid=0#gid=0","","","","","","","","","","","","","","","","","","","","","","",""
"HL7 Data Type - FHIR E2: CWE[Duration]","Ready for Ballot","","","https://docs.google.com/spreadsheets/d/15z_lmn332cRdBjZRGMF7nf1pMTzENoWDLqt6YZ124A4/edit?gid=0#gid=0","","","","","","","","","","","","","","","","","","","","","","",""
"HL7 Data Type - FHIR E2: CWE[Identifier]","Ready for Ballot","","","https://docs.google.com/spreadsheets/d/1NgS3CDO8xwlM5gadBkJcitAx5k3x2wvbBOTlo8eezSQ/edit?gid=0#gid=0","","","","","","","","","","","","","","","","","","","","","","",""
"HL7 Data Type - FHIR E2: CWE[Observation-SupportingInfo]","Ready for Ballot","","","https://docs.google.com/spreadsheets/d/1V3nPnLHxsgvg_sUkAUenZt_xm0gt7y79WrnPk3kFWkA/edit?gid=0#gid=0","","","","","","","","","","","","","","","","","","","","","","",""
"HL7 Data Type - FHIR E2: CWE[Organization]","Ready for Ballot","","","https://docs.google.com/spreadsheets/d/1dbN8fjyYvq09FNUvmuquZZL9LcXZNkphznYMYnu0SV8/edit?gid=0#gid=0","","","","","","","","","","","","","","","","","","","","","","",""
"HL7 Data Type - FHIR E2: CWE[PractitionerRole]","Ready for Ballot","","","https://docs.google.com/spreadsheets/d/1Y2gF2MJ2xtPTkf37pIoJJZ3pwgv3hPrUfwraLAlsfJE/edit?gid=0#gid=0","","","","","","","","","","","","","","","","","","","","","","",""
"HL7 Data Type - FHIR E2: CWE[Quantity]","Ready for Ballot","","","https://docs.google.com/spreadsheets/d/14jebDkp8hS-oUc4nlVhPNhL1xPWV87DqJz1Vmlc0Qos/edit?gid=0#gid=0","","","","","","","","","","","","","","","","","","","","","","",""
"HL7 Data Type - FHIR E2: CWE[string]","Ready for Ballot","","","https://docs.google.com/spreadsheets/d/12X5HtK05KVeX3DEvQoWXHPKjhpD8Hivh8Cl8tgp2CLM/edit?gid=0#gid=0","","","","","","","","","","","","","","","","","","","","","","",""
"HL7 Data Type - FHIR E2: CWE[Timing-DurationUnit]","Ready for Ballot","","","https://docs.google.com/spreadsheets/d/1ouxPdKkS3Kl1wJke84TxQwr0hPn4-nnA82VUam3ng1c/edit?gid=0#gid=0","","","","","","","","","","","","","","","","","","","","","","",""
"HL7 Data Type - FHIR E2: CWE[uri]","Ready for Ballot","","","https://docs.google.com/spreadsheets/d/1GuYcEj8TLRs9E7zIhFm8-l-pBeaeqnpc1Kgx76drJC4/edit?gid=0#gid=0","","","","","","","","","","","","","","","","","","","","","","",""
"HL7 Data Type - FHIR E2: CX[Identifier]","Ready for Ballot","","","https://docs.google.com/spreadsheets/d/1haDgUNWUIcCXc_4Qdv8L8v3YCfMQGsFfiGEDj3YtMNE/edit?gid=0#gid=0","","","","","","","","","","","","","","","","","","","","","","",""
"HL7 Data Type - FHIR E2: CX[RelatedPerson-Mother]","Ready for Ballot","","","https://docs.google.com/spreadsheets/d/1txeYrn8es6OXaL7TP3v9At6fmvDzQv1VHR414RjZEPU/edit?gid=0#gid=0","","","","","","","","","","","","","","","","","","","","","","",""
"HL7 Data Type - FHIR E2: CX[string]","Ready for Ballot","","","https://docs.google.com/spreadsheets/d/1ncB1KTFsZLoYGS6LDIys4TuYDssXbcHZrJEbrwZGwdo/edit?gid=0#gid=0","","","","","","","","","","","","","","","","","","","","","","",""
"HL7 Data Type - FHIR E2: DLD[Location-Discharge]","Ready for Ballot","","","https://docs.google.com/spreadsheets/d/1GsHiSp-PJG0dOVW4lLbxjnQ6V-seRFaKXZTDfevWGEs/edit?gid=0#gid=0","","","","","","","","","","","","","","","","","","","","","","",""
"HL7 Data Type - FHIR E2: DLN[Identifier]","Ready for Ballot","","","https://docs.google.com/spreadsheets/d/1ZdS4scQQeXyiYq5WjjyxFgCI3NazXWTayiQqr4AO4Vc/edit?gid=0#gid=0","","","","","","","","","","","","","","","","","","","","","","",""
"HL7 Data Type - FHIR E2: DR[dateTime]","Ready for Ballot","","","https://docs.google.com/spreadsheets/d/1r6ir_zxd9YhGA3uDHrp20EgeEhWwOs-3vBDeCPfAFxg/edit?gid=0#gid=0","","","","","","","","","","","","","","","","","","","","","","",""
"HL7 Data Type - FHIR E2: DR[Period]","Ready for Ballot","","","https://docs.google.com/spreadsheets/d/1x2CU_0pK54x6FuGa5ZZdHfhvxZh8g1TcA-HZDfHYFZs/edit?gid=0#gid=0","","","","","","","","","","","","","","","","","","","","","","",""
"HL7 Data Type - FHIR E2: DTM[Annotation-Time]","Ready for Ballot","","","https://docs.google.com/spreadsheets/d/1nYFay3Sgyf4Xeb-GEWrr3E82b7PXLBJHorsCaCfCXvs/edit?gid=0#gid=0","","","","","","","","","","","","","","","","","","","","","","",""
"HL7 Data Type - FHIR E2: DTM[dateTime]","Ready for Ballot","","","https://docs.google.com/spreadsheets/d/1w3jlkVvWMJVTAjEXqoxKseGlqJkTYR71msoCJFVS6Y8/edit?gid=0#gid=0","","","","","","","","","","","","","","","","","","","","","","",""
"HL7 Data Type - FHIR E2: ED[Attachment]","Ready for Ballot","","","https://docs.google.com/spreadsheets/d/1jYafiUR-ljmC5alRc7PXJtETnAbDVrl0Q1qkJP-iyvE/edit?gid=0#gid=0","","","","","","","","","","","","","","","","","","","","","","",""
"HL7 Data Type - FHIR E2: ED[DocumentReference]","Ready for Ballot","","","https://docs.google.com/spreadsheets/d/19oKYuPU38q3EP5Eyu01IFlk82SME9EZFoWRP44i3PXo/edit?gid=0#gid=0","","","","","","","","","","","","","","","","","","","","","","",""
"HL7 Data Type - FHIR E2: EI[Coding]","Ready for Ballot","","","https://docs.google.com/spreadsheets/d/1_WR9TS7IW4J3ILfCP_Q-LvWf79QZ2zgTq_55iyKKpfk/edit?gid=0#gid=0","","","","","","","","","","","","","","","","","","","","","","",""
"HL7 Data Type - FHIR E2: EI[Condition]","Ready for Ballot","","","https://docs.google.com/spreadsheets/d/1Txx2AEld1Rzlbw3XD1QA6bPt4HR0nMl2P2SzVkRcknc/edit?gid=0#gid=0","","","","","","","","","","","","","","","","","","","","","","",""
"HL7 Data Type - FHIR E2: EI[Device-udiCarrier]","Ready for Ballot","","","https://docs.google.com/spreadsheets/d/1TyPdGWUf2s1vkwyNs0SNAs5jwFvlj9tgNkHO2lC4fCI/edit?gid=0#gid=0","","","","","","","","","","","","","","","","","","","","","","",""
"HL7 Data Type - FHIR E2: EI[Identifier-DefaultAssigner]","Ready for Ballot","","","https://docs.google.com/spreadsheets/d/1eguc6vrshIPdpZvD5BXPBCrilZ3ujAI4RFQVRIepwrw/edit?gid=0#gid=0","","","","","","","","","","","","","","","","","","","","","","",""
"HL7 Data Type - FHIR E2: EI[Identifier-Extension]","Ready for Ballot","","","https://docs.google.com/spreadsheets/d/1z_mtv50CJIs8Lq2cnns2VuNcp6ecFfezzOO_WXi9tgQ/edit?gid=0#gid=0","","","","","","","","","","","","","","","","","","","","","","",""
"HL7 Data Type - FHIR E2: EI[Identifier-Organization]","Ready for Ballot","","","https://docs.google.com/spreadsheets/d/1zfRMse5PcbhQ_Hs7Bf3Jq3CRhcLN9G81PdKhtM2UJ8U/edit?gid=0#gid=0","","","","","","","","","","","","","","","","","","","","","","",""
"HL7 Data Type - FHIR E2: EI[Procedure]","Ready for Ballot","","","https://docs.google.com/spreadsheets/d/1WUZUFKBo00FkbCCTYwrXpjLVa349011cmvnXz7B-FDI/edit?gid=0#gid=0","","","","","","","","","","","","","","","","","","","","","","",""
"HL7 Data Type - FHIR E2: EI[Identifier-System]","Ready for Ballot","","","https://docs.google.com/spreadsheets/d/1NHYOsW1s-hxcS5Ed5UAyCBFO5O8Rht5iw6CttLz9-VQ/edit?gid=0#gid=0","","","","","","","","","","","","","","","","","","","","","","",""
"HL7 Data Type - FHIR E2: EIP[Identifier-FillerAssignedGroupNumber]","Ready for Ballot","","","https://docs.google.com/spreadsheets/d/1I_ImGmCakaAx2CuIvjhRzRNep62cYdL3FCfPaagu1FI/edit?gid=0#gid=0","","","","","","","","","","","","","","","","","","","","","","",""
"HL7 Data Type - FHIR E2: EIP[Identifier-PlacerAssignedGroupNumber]","Ready for Ballot","","","https://docs.google.com/spreadsheets/d/1_GXRWDbJtj5znmQudH5yM2duILlbyqtOBRIaCMLpjdk/edit?gid=0#gid=0","","","","","","","","","","","","","","","","","","","","","","",""
"HL7 Data Type - FHIR E2: EIP[Identifier-FillerAssignedOrderNumber]","Ready for Ballot","","","https://docs.google.com/spreadsheets/d/11cPPYbm1ZOpKyOmzMnjr7vLsDk0RTyuUasjxHOnff70/edit?gid=0#gid=0","","","","","","","","","","","","","","","","","","","","","","",""
"HL7 Data Type - FHIR E2: EIP[Identifier-PlacerAssignedOrderNumber]","Ready for Ballot","","","https://docs.google.com/spreadsheets/d/1NdUYLIV3t2fzdigIkCtyFyC9bpuRnztnICCExvhPRZE/edit?gid=0#gid=0","","","","","","","","","","","","","","","","","","","","","","",""
"HL7 Data Type - FHIR E2: FN[HumanName]","Ready for Ballot","","","https://docs.google.com/spreadsheets/d/1hfOOWtYXjvmP8jTiuMEZc6fl1yiNoDmHMTZFWZ2Vk5s/edit?gid=0#gid=0","","","","","","","","","","","","","","","","","","","","","","",""
"HL7 Data Type - FHIR E2: FT[Annotation-Comment]","Ready for Ballot","","To force a change for load.","https://docs.google.com/spreadsheets/d/16kcN5p4AFz31K0ONy_H2vCfqeJjj_jdM9gpmbnAZ5T4/edit?gid=0#gid=0","","","","","","","","","","","","","","","","","","","","","","",""
"HL7 Data Type - FHIR E2: HD[Device]","Ready for Ballot","","","https://docs.google.com/spreadsheets/d/1Y7YAW_rfHEuYayCan5KNJ2i_p037dilDEnm-KBMgQTA/edit?gid=0#gid=0","","","","","","","","","","","","","","","","","","","","","","",""
"HL7 Data Type - FHIR E2: HD[Identifier]","Ready for Ballot","","","https://docs.google.com/spreadsheets/d/1uqOEDWZn8euYNU2y9ftf7zwSZd3ZXXjUwA5OZJxJhsY/edit?gid=0#gid=0","","","","","","","","","","","","","","","","","","","","","","",""
"HL7 Data Type - FHIR E2: HD[Location]","Ready for Ballot","","","https://docs.google.com/spreadsheets/d/1iSE7WMUgX-WB5LaVzLKAUncOVREB0-s8Mji0QEoECrQ/edit?gid=0#gid=0","","","","","","","","","","","","","","","","","","","","","","",""
"HL7 Data Type - FHIR E2: HD[MessageHeader.destination-endpoint]","Ready for Ballot","","","https://docs.google.com/spreadsheets/d/1SyGQAjMBzJHsAJbA3foaUgM3AF4VBuM9E09CN53UcYI/edit?gid=0#gid=0","","","","","","","","","","","","","","","","","","","","","","",""
"HL7 Data Type - FHIR E2: HD[MessageHeader.destination-name]","Ready for Ballot","","","https://docs.google.com/spreadsheets/d/18U9fhU7Ka4y39_3piVTHW2Qc-EDjPVu-qg4A0V_kMZY/edit?gid=0#gid=0","","","","","","","","","","","","","","","","","","","","","","",""
"HL7 Data Type - FHIR E2: HD[MessageHeader.source-endpoint]","Ready for Ballot","","","https://docs.google.com/spreadsheets/d/1VXKFitFx0FqnuKIAyDGC4KNWjVH8OH92SGchLWRfMCs/edit?gid=0#gid=0","","","","","","","","","","","","","","","","","","","","","","",""
"HL7 Data Type - FHIR E2: HD[MessageHeader.source-name]","Ready for Ballot","","","https://docs.google.com/spreadsheets/d/1M8VRwR_bUrwM_Qs3rJ-RHydklVNopMQbKC69kz5jEVw/edit?gid=0#gid=0","","","","","","","","","","","","","","","","","","","","","","",""
"HL7 Data Type - FHIR E2: HD[Organization]","Ready for Ballot","","","https://docs.google.com/spreadsheets/d/1GRfhRcOskHXZQZw9OEnc5G1M45YFbWdtD6RjoBzOEBs/edit?gid=0#gid=0","","","","","","","","","","","","","","","","","","","","","","",""
"HL7 Data Type - FHIR E2: HD[uri]","Ready for Ballot","","","https://docs.google.com/spreadsheets/d/1yScJBjZdlAF28BgUhXfSpfcrWDUg6UOulAG-_ge0R5w/edit?gid=0#gid=0","","","","","","","","","","","","","","","","","","","","","","",""
"HL7 Data Type - FHIR E2: ID[boolean]","Ready for Ballot","","","https://docs.google.com/spreadsheets/d/1Ym-UMcL6DxPrRBa4b8k17yqEaHswsgqANnsxv-psICU/edit?gid=0#gid=0","","","","","","","","","","","","","","","","","","","","","","",""
"HL7 Data Type - FHIR E2: ID[code]","Ready for Ballot","","","https://docs.google.com/spreadsheets/d/1-22jDUxJkEWVKMr-Eh-D1U6vumkMUe5Rpr-i0ukRdTw/edit?gid=0#gid=0","","","","","","","","","","","","","","","","","","","","","","",""
"HL7 Data Type - FHIR E2: ID[CodeableConcept-UniversalID]","Ready for Ballot","","","https://docs.google.com/spreadsheets/d/1bLJvlFEeAPDCMRy31-E-gOtAM476jFY3WId7HfCVJe0/edit?gid=0#gid=0","","","","","","","","","","","","","","","","","","","","","","",""
"HL7 Data Type - FHIR E2: ID[CodeableConcept]","Ready for Ballot","","","https://docs.google.com/spreadsheets/d/1RzEMtY2q-z47BjtE8a_taoca9giycAWXjpKF4mNipZQ/edit?gid=0#gid=0","","","","","","","","","","","","","","","","","","","","","","",""
"HL7 Data Type - FHIR E2: ID[Coding]","Ready for Ballot","","","https://docs.google.com/spreadsheets/d/13K75WyUejviH03bjgqtMFoqv6mRnlb6dR5fTIOcIy3w/edit?gid=0#gid=0","","","","","","","","","","","","","","","","","","","","","","",""
"HL7 Data Type - FHIR E2: ID[string]","Ready for Ballot","","","https://docs.google.com/spreadsheets/d/1f5sHobO_ZZndx5tKGLjAzTMu0fCiRZ-BP-i31aryjpw/edit?gid=0#gid=0","","","","","","","","","","","","","","","","","","","","","","",""
"HL7 Data Type - FHIR E2: IS[code]","Ready for Ballot","","","https://docs.google.com/spreadsheets/d/1-_PThp8ZejiKIkBefk7oHRYkle9Tm4wHXo0xBUodYeU/edit?gid=0#gid=0","","","","","","","","","","","","","","","","","","","","","","",""
"HL7 Data Type - FHIR E2: IS[CodeableConcept]","Ready for Ballot","","where is this used?","https://docs.google.com/spreadsheets/d/162BE2iL7RunVz6yVVRAqOdpO8mugcUjlyqduiIPjhUA/edit?gid=0#gid=0","","","","","","","","","","","","","","","","","","","","","","",""
"HL7 Data Type - FHIR E2: IS[string]","Ready for Ballot","","","https://docs.google.com/spreadsheets/d/1K2gZjIYbxqc1lTIqrK9ZPVvbytKQTLfR0M_SFWA73_4/edit?gid=0#gid=0","","","","","","","","","","","","","","","","","","","","","","",""
"HL7 Data Type - FHIR E2: MSG[code]","Ready for Ballot","","","https://docs.google.com/spreadsheets/d/1D8dreiEfT6tFkC54qtLcW4nejhAuYVGlFHwvG2iMBVM/edit?gid=0#gid=0","","","","","","","","","","","","","","","","","","","","","","",""
"HL7 Data Type - FHIR E2: MSG[Coding]","Ready for Ballot","","","https://docs.google.com/spreadsheets/d/1FC7wUvzos0dRQhQyMX08pvm_YwrqFM89tpyidfkWj7c/edit?gid=0#gid=0","","","","","","","","","","","","","","","","","","","","","","",""
"HL7 Data Type - FHIR E2: MSG[MessageHeader]","Ready for Ballot","","","https://docs.google.com/spreadsheets/d/1dO3rNE3NYmU5uENsPAR6fb361AxVxgp3DA4iXCFJpwQ/edit?gid=0#gid=0","","","","","","","","","","","","","","","","","","","","","","",""
"HL7 Data Type - FHIR E2: NDL[PractitionerRole]","Ready for Ballot","","","https://docs.google.com/spreadsheets/d/1trBIgdusr0UoESSWl5mo-LsYDBNsvW8Hs32BE_lET10/edit?gid=0#gid=0","","","","","","","","","","","","","","","","","","","","","","",""
"HL7 Data Type - FHIR E2: NM[positiveInt]","Ready for Ballot","","","https://docs.google.com/spreadsheets/d/1QIu57t0MFUQArwXXwt--6iMBDf5wfgdiCHf1tQZajzU/edit?gid=0#gid=0","","","","","","","","","","","","","","","","","","","","","","",""
"HL7 Data Type - FHIR E2: NM[Quantity-LengthOfStay]","Ready for Ballot","","","https://docs.google.com/spreadsheets/d/1EfmHMDzcw_u2T3jQf30ENQGLC4QxAL1Gz5OqKkFCI6I/edit?gid=0#gid=0","","","","","","","","","","","","","","","","","","","","","","",""
"HL7 Data Type - FHIR E2: NM[Quantity]","Ready for Ballot","","","https://docs.google.com/spreadsheets/d/1s6rxo8fyRQmOLUaSB6kIsS9IozEncm_bNu30Sl3STlw/edit?gid=0#gid=0","","","","","","","","","","","","","","","","","","","","","","",""
"HL7 Data Type - FHIR E2: NR[Range]","Ready for Ballot","","","https://docs.google.com/spreadsheets/d/1GkZiMnMQJMZHNfDlB2DKDXgvv2VdmVlHilkJH-rOVNk/edit?gid=0#gid=0","","","","","","","","","","","","","","","","","","","","","","",""
"HL7 Data Type - FHIR E2: OG[Extension-Subidentifier]","Ready for Ballot","","","https://docs.google.com/spreadsheets/d/1jK02xqOYU-EcG0Nj1rJKe-1BapjE-1s05P-kG_uip_Y/edit?gid=0#gid=0","","","","","","","","","","","","","","","","","","","","","","",""
"HL7 Data Type - FHIR E2: PL[Location]","Ready for Ballot","","","https://docs.google.com/spreadsheets/d/1OMcSbU8bvoU_lEyjQNovJsD71uup98CbP3b88MEt6O0/edit?gid=0#gid=0","","","","","","","","","","","","","","","","","","","","","","",""
"HL7 Data Type - FHIR E2: PLN[Identifier]","Ready for Ballot","","","https://docs.google.com/spreadsheets/d/1pEtKkSAvg7JC4x_RYFIs5GZgNZE1etqC2eEB1YzZgKo/edit?gid=0#gid=0","","","","","","","","","","","","","","","","","","","","","","",""
"HL7 Data Type - FHIR E2: PT[Meta]","Ready for Ballot","","","https://docs.google.com/spreadsheets/d/1zNiVyRPsPXQuOsiHJCP3ZOQAcs-fsMnktHW712OSLUY/edit?gid=0#gid=0","","","","","","","","","","","","","","","","","","","","","","",""
"HL7 Data Type - FHIR E2: RI[Timing]","Ready for Ballot","","","https://docs.google.com/spreadsheets/d/1Gc6H79XkWGTNfP_uz18Dw0rdzN3U6e00QHKimpzpltQ/edit?gid=0#gid=0","","","","","","","","","","","","","","","","","","","","","","",""
"HL7 Data Type - FHIR E2: RP[Attachment]","Ready for Ballot","","","https://docs.google.com/spreadsheets/d/1X1-nH4er8Oo7lJHZlhmLsO3cT2ur0FqjTHTbx6rUT1U/edit?gid=0#gid=0","","","","","","","","","","","","","","","","","","","","","","",""
"HL7 Data Type - FHIR E2: RP[DocumentReference]","Ready for Ballot","","","https://docs.google.com/spreadsheets/d/1kuUw3ZdK1_oDuO_xHZuQhZ_Avs2tfjgIyBhC1SvTxzw/edit?gid=0#gid=0","","","","","","","","","","","","","","","","","","","","","","",""
"HL7 Data Type - FHIR E2: RPT[Timing]","Ready for Ballot","","","https://docs.google.com/spreadsheets/d/1BvcqMVoM1DmBY6pjWBtOQ8YuLUnwvCkvoIGlecbh9CE/edit?gid=0#gid=0","","","","","","","","","","","","","","","","","","","","","","",""
"HL7 Data Type - FHIR E2: SAD[Address]","Ready for Ballot","","","https://docs.google.com/spreadsheets/d/1pN7KMci4O3r8Fv-9z0tIAsFHMZBLNs1l9Op4ckcq5_s/edit?gid=0#gid=0","","","","","","","","","","","","","","","","","","","","","","",""
"HL7 Data Type - FHIR E2: SN[Quantity]","Ready for Ballot","","","https://docs.google.com/spreadsheets/d/1TZbTwtWNHUAkp_kx5lsIryeWL6YkaPDbCFcd0CM0J5A/edit?gid=0#gid=0","","","","","","","","","","","","","","","","","","","","","","",""
"HL7 Data Type - FHIR E2: SN[Range]","Ready for Ballot","","","https://docs.google.com/spreadsheets/d/19JTZsfsfhAl8NqQUaYLGDTdnm25SdwlY2u_vry9CDA4/edit?gid=0#gid=0","","","","","","","","","","","","","","","","","","","","","","",""
"HL7 Data Type - FHIR E2: SN[Ratio]","Ready for Ballot","","","https://docs.google.com/spreadsheets/d/14WJnVTlppSeyHMQR31_jQ0-1PK_oaL6XtIcXCNDC1hs/edit?gid=0#gid=0","","","","","","","","","","","","","","","","","","","","","","",""
"HL7 Data Type - FHIR E2: SPS[Specimen-Source]","Ready for Ballot","","","https://docs.google.com/spreadsheets/d/1G1nyWYyrRq4lGbvYZR5Jjh5NxzxJl6D10w2Mb8tqxRs/edit?gid=0#gid=0","","","","","","","","","","","","","","","","","","","","","","",""
"HL7 Data Type - FHIR E2: ST[CodeableConcept]","Ready for Ballot","","","https://docs.google.com/spreadsheets/d/1x6siDujT3sjlceI-KE0jjQXB1hSjvfZeH7cpyv7bwW8/edit?gid=0#gid=0","","","","","","","","","","","","","","","","","","","","","","",""
"HL7 Data Type - FHIR E2: ST[Identifier]","Ready for Ballot","","","https://docs.google.com/spreadsheets/d/1BIhIq-5_JZm0fRr9K7SpD4jJNdVyXp9hJlWOTTID32o/edit?gid=0#gid=0","","","","","","","","","","","","","","","","","","","","","","",""
"HL7 Data Type - FHIR E2: TQ[Appointment]","Ready for Ballot","","","https://docs.google.com/spreadsheets/d/1whj9-kvKHzep88YjDiXxHWYw5LE0hWKxmnwBH_8oSVU/edit?gid=0#gid=0","","","","","","","","","","","","","","","","","","","","","","",""
"HL7 Data Type - FHIR E2: TQ[MedicationRequest]","Ready for Ballot","","","https://docs.google.com/spreadsheets/d/1FzNa6zatNciUDD4CJmgpcC81nle7w3HbCZ55b4b3wBM/edit?gid=0#gid=0","","","","","","","","","","","","","","","","","","","","","","",""
"HL7 Data Type - FHIR E2: TQ[ServiceRequest]","Ready for Ballot","","","https://docs.google.com/spreadsheets/d/1jF4D-OIl4fi3jjwT1oZjVfawoQs6tzs-IsVWujM3z60/edit?gid=0#gid=0","","","","","","","","","","","","","","","","","","","","","","",""
"HL7 Data Type - FHIR E2: TQ[Task-ExecutionPeriod]","Ready for Ballot","","","https://docs.google.com/spreadsheets/d/1LKWy02JdK1VSDwYK-6daDN-ujDRCl9pGi8nwOVn6YyY/edit?gid=0#gid=0","","","","","","","","","","","","","","","","","","","","","","",""
"HL7 Data Type - FHIR E2: TQ[Task-Priority]","Ready for Ballot","","","https://docs.google.com/spreadsheets/d/1EcoiuTY0NbZENw-ZKH5-LHB0udx606nr0BEtFNAKoSY/edit?gid=0#gid=0","","","","","","","","","","","","","","","","","","","","","","",""
"HL7 Data Type - FHIR E2: TS[dateTime]","Ready for Ballot","","","https://docs.google.com/spreadsheets/d/1sz7rqf3garBEYUcnJn6PMlfCFuC7M9PxRLfju9tHI7Y/edit?gid=0#gid=0","","","","","","","","","","","","","","","","","","","","","","",""
"HL7 Data Type - FHIR E2: XAD[Address]","Ready for Ballot","","","https://docs.google.com/spreadsheets/d/1QPQqTr9l8uek-tjZB3wLJGedxiw0CDV7Dbbzw7wzevM/edit?gid=0#gid=0","","","","","","","","","","","","","","","","","","","","","","",""
"HL7 Data Type - FHIR E2: XCN[Annotation-Author]","Ready for Ballot","","","https://docs.google.com/spreadsheets/d/1FHnqeasjrR-j4-etzxMG5PfYidVU-lPdNPxRbBQz14o/edit?gid=0#gid=0","","","","","","","","","","","","","","","","","","","","","","",""
"HL7 Data Type - FHIR E2: XCN[Patient]","Ready for Ballot","","","https://docs.google.com/spreadsheets/d/1pm9Qg5RtmCLZeN2sQl3B2SwfgA-GyWKaS2Fhc5JA2gA/edit?gid=0#gid=0","","","","","","","","","","","","","","","","","","","","","","",""
"HL7 Data Type - FHIR E2: XCN[Practitioner]","Ready for Ballot","","","https://docs.google.com/spreadsheets/d/1diWfEjO52rxmu01sGEsDJzoDoflkgM9o-9FD5TQ1mRA/edit?gid=0#gid=0","","","","","","","","","","","","","","","","","","","","","","",""
"HL7 Data Type - FHIR E2: XCN[PractitionerRole]","Ready for Ballot","","","https://docs.google.com/spreadsheets/d/1Ol31liGHj9sppHmsY8qo9nTpK2lJMabrsZNNVkWJRLM/edit?gid=0#gid=0","","","","","","","","","","","","","","","","","","","","","","",""
"HL7 Data Type - FHIR E2: XCN[RelatedPerson]","Ready for Ballot","","","https://docs.google.com/spreadsheets/d/1S3nT_2btr6SD5dhlvS-9zmPn1Jx1rXtSUhdgmVn6nNI/edit?gid=0#gid=0","","","","","","","","","","","","","","","","","","","","","","",""
"HL7 Data Type - FHIR E2: XON[Location]","Ready for Ballot","","","https://docs.google.com/spreadsheets/d/18-77UzKBHLeBRTQliyVxKxmZjm33yODrS2OHb_YWb7M/edit?gid=0#gid=0","","","","","","","","","","","","","","","","","","","","","","",""
"HL7 Data Type - FHIR E2: XON[Organization]","Ready for Ballot","","","https://docs.google.com/spreadsheets/d/1I12uSlywrGKF7o-5oF8YBGDaRq1BRZW6_cB6FlThzjU/edit?gid=0#gid=0","","","","","","","","","","","","","","","","","","","","","","",""
"HL7 Data Type - FHIR E2: XON[string]","Ready for Ballot","","","https://docs.google.com/spreadsheets/d/16pgLLNU1MZTFbMFheBmqgHhwJd2p5WvTHT04zI_jg1I/edit?gid=0#gid=0","","","","","","","","","","","","","","","","","","","","","","",""
"HL7 Data Type - FHIR E2: XPN[HumanName]","Ready for Ballot","","","https://docs.google.com/spreadsheets/d/1VrO71QV-srPoLqFFSbSmmMmgxUAbnRKPNLroi95ix9o/edit?gid=0#gid=0","","","","","","","","","","","","","","","","","","","","","","",""
"HL7 Data Type - FHIR E2: XPN[string]","Ready for Ballot","","in PID-6","https://docs.google.com/spreadsheets/d/1ixW-KF_M_WXxDPosMEKIhWVt38ImaUNeY2bHiIMAt50/edit?gid=0#gid=0","","","","","","","","","","","","","","","","","","","","","","",""
"HL7 Data Type - FHIR E2: XTN[ContactPoint]","Ready for Ballot","","","https://docs.google.com/spreadsheets/d/1dXrdEvGblAAUFs1ac74k2Igobr5fnatkBwsRqgYNeFM/edit?gid=0#gid=0","","","","","","","","","","","","","","","","","","","","","","",""
"HL7 Data Type - FHIR E2: ERL","Under Construction","","","https://docs.google.com/spreadsheets/d/13Ettzy45OVNdlomvLDjRdHOcxs5v3Vk1RyrQZAWlmOg/edit?gid=0#gid=0","","","","","","","","","","","","","","","","","","","","","","",""
"HL7 Data Type - FHIR E2: HD[Extension-AssigningAuthority]","Under Construction","","","https://docs.google.com/spreadsheets/d/1FmEEt7aA_6y_LskZZTf3CIt0kp6pxRzRDzLoDFjUZ6A/edit?gid=0#gid=0","","","","","","","","","","","","","","","","","","","","","","",""
"HL7 Data Type - FHIR E2: HD[MessageHeader.destination.target]","Under Construction","","","","","","","","","","","","","","","","","","","","","","","","","",""
"HL7 Data Type - FHIR E2: NM[SimpleQuantity]","Under Construction","","","","","","","","","","","","","","","","","","","","","","","","","",""
"HL7 Data Type - FHIR E2: PLN[Location]","Under Construction","","","","","","","","","","","","","","","","","","","","","","","","","",""
"HL7 Data Type - FHIR E2: NA[SampledData]","Ready for Ballot","","","https://docs.google.com/spreadsheets/d/1Ix0uI2xltTpVo9dW2RtevsCirabLgdiC1rsVkHaEEBM/edit?gid=0#gid=0","","","","","","","","","","","","","","","","","","","","","","",""
"HL7 Data Type - FHIR E2: PRL[Observation]","Ready for Ballot","","","https://docs.google.com/spreadsheets/d/1tDvu3KX2ag9_uFrdS2eaWjs48U_z8QY0VSNhJFJJD9k/edit?gid=0#gid=0","","","","","","","","","","","","","","","","","","","","","","",""
"HL7 Data Type - FHIR E2: ST[Extension-Subidentifier]","Ready for Ballot","","","https://docs.google.com/spreadsheets/d/1fSc-gM42VPvMCEmwIXS_IFVdwMF5qxVxCoNRnDxdik0/edit?gid=0#gid=0","","","","","","","","","","","","","","","","","","","","","","",""