<?xml version="1.0" encoding="UTF-8"?><ConceptMap xmlns="http://hl7.org/fhir"><id value="segment-nte-annotation-to-annotation"/><text><status value="generated"/><div xmlns="http://www.w3.org/1999/xhtml"><h2>Segment_NTE!Annotation_Map (http://hl7.org/fhir/v2-tofhir)</h2><p>Mapping from https://www.hl7.org/v2 to https://www.hl7.org/fhir</p><p>ACTIVE (not intended for production usage). Published on Mar 1, 2020, 12:00:00 AM by HL7 International (HL7 Orders and Observations Workgroup: <a href="mailto:https://confluence.hl7.org/display/OO/v2-to-FHIR+IG">https://confluence.hl7.org/display/OO/v2-to-FHIR+IG</a>, Keith W. Boone: <a href="mailto:kboone@ainq.com">kboone@ainq.com</a>). Copyright (c) 2020, HL7 International, Inc., All Rights Reserved.</p><div><p>This ConceptMap represents the mapping from the HL7 V2 NTE!Annotation Segment to the FHIR Annotation Resource representing that segment.</p>
</div><br/><table class="grid"><tr><td><b>Source Code</b></td><td><b>Relationship</b></td><td><b>Destination Code</b></td></tr><tr><td>NTE-3</td><td><a href="http://hl7.org/fhir/R4/codesystem-concept-map-equivalence.html#equivalent">is equivalent to</a></td><td>Annotation.text</td></tr><tr><td>NTE-5</td><td><a href="http://hl7.org/fhir/R4/codesystem-concept-map-equivalence.html#equivalent">is equivalent to</a></td><td>Annotation.authorReference(Practitioner)</td></tr><tr><td>NTE-6</td><td><a href="http://hl7.org/fhir/R4/codesystem-concept-map-equivalence.html#equivalent">is equivalent to</a></td><td>Annotation.time</td></tr></table></div></text><url value="http://hl7.org/fhir/v2-tofhir"/><version value="0.1.0"/><name value="Segment_NTE!Annotation_Map"/><status value="active"/><experimental value="true"/><date value="2020-03-01T00:00:00-05:00"/><publisher value="HL7 International"/><contact><name value="HL7 Orders and Observations Workgroup"/><telecom><system value="email"/><value value="https://confluence.hl7.org/display/OO/v2-to-FHIR+IG"/></telecom></contact><contact><name value="Keith W. Boone"/><telecom><system value="email"/><value value="kboone@ainq.com"/></telecom></contact><description value="This ConceptMap represents the mapping from the HL7 V2 NTE!Annotation Segment to the FHIR Annotation Resource representing that segment."/><copyright value="Copyright (c) 2020, HL7 International, Inc., All Rights Reserved."/><sourceUri value="https://www.hl7.org/v2"/><targetUri value="https://www.hl7.org/fhir"/><group><element><code value="NTE-3"/><display value="Comment"/><target><code value="Annotation.text"/><equivalence value="equivalent"/></target></element><element><code value="NTE-5"/><display value="Entered By"/><target><code value="Annotation.authorReference(Practitioner)"/><equivalence value="equivalent"/></target></element><element><code value="NTE-6"/><display value="Entered Date/Time"/><target><code value="Annotation.time"/><equivalence value="equivalent"/></target></element></group></ConceptMap>