<?xml version="1.0" encoding="UTF-8"?>

<ConceptMap xmlns="http://hl7.org/fhir">
  <id value="conceptmap-v2-0485-to-priority"/>
  <text>
    <status value="generated"/><div xmlns="http://www.w3.org/1999/xhtml"><h2>ConceptMap_v2-0485_Map (http://hl7.org/fhir/v2-tofhir)</h2><p>Mapping from <a href="http://hl7.org/fhir/R4/v2/0485/index.html">http://terminology.hl7.org/CodeSystem/v2-0485</a> to <a href="http://hl7.org/fhir/R4/codesystem-request-priority.html">http://hl7.org/fhir/request-priority</a></p><p>ACTIVE (not intended for production usage). Published on Mar 1, 2020, 12:00:00 AM by HL7 International (HL7 Orders and Observations Workgroup: <a href="mailto:https://confluence.hl7.org/display/OO/v2-to-FHIR+IG">https://confluence.hl7.org/display/OO/v2-to-FHIR+IG</a>, Keith W. Boone: <a href="mailto:kboone@ainq.com">kboone@ainq.com</a>). Copyright (c) 2020, HL7 International, Inc., All Rights Reserved.</p><div><p>This ConceptMap represents the mapping from the HL7 V2 Table v2-0485 to the FHIR Priority Value Set.</p>
</div><br/><table class="grid"><tr><td colspan="1"><b>Source Concept Details</b></td><td><b>Relationship</b></td><td colspan="1"><b>Destination Concept Details</b></td></tr><tr><td><b>Code</b> from </td><td/><td><b>Code</b> from </td></tr><tr><td>S</td><td><a href="http://hl7.org/fhir/R4/codesystem-concept-map-equivalence.html#equivalent">is equivalent to</a></td><td>stat</td></tr><tr><td>A</td><td><a href="http://hl7.org/fhir/R4/codesystem-concept-map-equivalence.html#equivalent">is equivalent to</a></td><td>asap</td></tr><tr><td>R</td><td><a href="http://hl7.org/fhir/R4/codesystem-concept-map-equivalence.html#equivalent">is equivalent to</a></td><td>routine</td></tr></table></div>
  </text>
  <url value="http://hl7.org/fhir/v2-tofhir"/>
  <version value="0.1.0"/>
  <name value="ConceptMap_v2-0485_Map"/>
  <status value="active"/>
  <experimental value="true"/>
  <date value="2020-03-01T00:00:00-05:00"/>
  <publisher value="HL7 International"/>
  <contact>
    <name value="HL7 Orders and Observations Workgroup"/>
    <telecom>
      <system value="email"/>
      <value value="https://confluence.hl7.org/display/OO/v2-to-FHIR+IG"/>
    </telecom>
  </contact>
  <contact>
    <name value="Keith W. Boone"/>
    <telecom>
      <system value="email"/>
      <value value="kboone@ainq.com"/>
    </telecom>
  </contact>
  <description value="This ConceptMap represents the mapping from the HL7 V2 Table v2-0485 to the FHIR Priority Value Set."/>
  <copyright value="Copyright (c) 2020, HL7 International, Inc., All Rights Reserved."/>
  <sourceUri value="http://terminology.hl7.org/CodeSystem/v2-0485"/>
  <targetUri value="http://hl7.org/fhir/request-priority"/>
  <group>
    <element>
      <code value="S"/>
      <display value="Stat"/>
      <target>
        <code value="stat"/>
        <display value="STAT"/>
        <equivalence value="equivalent"/>
      </target>
    </element>
    <element>
      <code value="A"/>
      <display value="ASAP"/>
      <target>
        <code value="asap"/>
        <display value="ASAP"/>
        <equivalence value="equivalent"/>
      </target>
    </element>
    <element>
      <code value="R"/>
      <display value="Routine"/>
      <target>
        <code value="routine"/>
        <display value="Routine"/>
        <equivalence value="equivalent"/>
      </target>
    </element>
    <element>
      <code value="P"/>
      <display value="Preop"/>
      <target>
        <equivalence value="unmatched"/>
      </target>
    </element>
    <element>
      <code value="C"/>
      <display value="Callback"/>
      <target>
        <equivalence value="unmatched"/>
      </target>
    </element>
    <element>
      <code value="T"/>
      <display value="Timing critical"/>
      <target>
        <equivalence value="unmatched"/>
      </target>
    </element>
    <element>
      <code value="TS&lt;integer&gt;"/>
      <display value="Timing critical within &lt;integer&gt; seconds."/>
      <target>
        <equivalence value="unmatched"/>
      </target>
    </element>
    <element>
      <code value="TM&lt;integer&gt;"/>
      <display value="Timing critical within &lt;integer&gt; minutes."/>
      <target>
        <equivalence value="unmatched"/>
      </target>
    </element>
    <element>
      <code value="TH&lt;integer&gt;"/>
      <display value="Timing critical within &lt;integer&gt; hours."/>
      <target>
        <equivalence value="unmatched"/>
      </target>
    </element>
    <element>
      <code value="TD&lt;integer&gt;"/>
      <display value="Timing critical within &lt;integer&gt; days."/>
      <target>
        <equivalence value="unmatched"/>
      </target>
    </element>
    <element>
      <code value="TW&lt;integer&gt;"/>
      <display value="Timing critical within &lt;integer&gt; weeks."/>
      <target>
        <equivalence value="unmatched"/>
      </target>
    </element>
    <element>
      <code value="TL&lt;integer&gt;"/>
      <display value="Timing critical within &lt;integer&gt; months."/>
      <target>
        <equivalence value="unmatched"/>
      </target>
    </element>
    <element>
      <code value="PRN"/>
      <display value="As needed"/>
      <target>
        <equivalence value="unmatched"/>
      </target>
    </element>
  </group>
</ConceptMap>