<?xml version="1.0" encoding="UTF-8"?>

<ConceptMap xmlns="http://hl7.org/fhir">
  <id value="conceptmap-v2-0001-to-gender"/>
  <text>
    <status value="generated"/><div xmlns="http://www.w3.org/1999/xhtml"><h2>ConceptMap_v2-0001_Map (http://hl7.org/fhir/v2-tofhir)</h2><p>Mapping from <a href="http://hl7.org/fhir/R4/v2/0001/index.html">http://terminology.hl7.org/CodeSystem/v2-0001</a> to <a href="http://hl7.org/fhir/R4/codesystem-administrative-gender.html">http://hl7.org/fhir/administrative-gender</a></p><p>ACTIVE (not intended for production usage). Published on Mar 1, 2020, 12:00:00 AM by HL7 International (HL7 Orders and Observations Workgroup: <a href="mailto:https://confluence.hl7.org/display/OO/v2-to-FHIR+IG">https://confluence.hl7.org/display/OO/v2-to-FHIR+IG</a>, Keith W. Boone: <a href="mailto:kboone@ainq.com">kboone@ainq.com</a>). Copyright (c) 2020, HL7 International, Inc., All Rights Reserved.</p><div><p>This ConceptMap represents the mapping from the HL7 V2 Table v2-0001 to the FHIR Gender Value Set.</p>
</div><br/><table class="grid"><tr><td><b>Source Code</b></td><td><b>Relationship</b></td><td><b>Destination Code</b></td></tr><tr><td>F</td><td><a href="http://hl7.org/fhir/R4/codesystem-concept-map-equivalence.html#equivalent">is equivalent to</a></td><td>female</td></tr><tr><td>M</td><td><a href="http://hl7.org/fhir/R4/codesystem-concept-map-equivalence.html#equivalent">is equivalent to</a></td><td>male</td></tr><tr><td>O</td><td><a href="http://hl7.org/fhir/R4/codesystem-concept-map-equivalence.html#equivalent">is equivalent to</a></td><td>other</td></tr><tr><td>U</td><td><a href="http://hl7.org/fhir/R4/codesystem-concept-map-equivalence.html#equivalent">is equivalent to</a></td><td>unknown</td></tr><tr><td>A</td><td><a href="http://hl7.org/fhir/R4/codesystem-concept-map-equivalence.html#equivalent">is equivalent to</a></td><td>other</td></tr><tr><td>N</td><td><a href="http://hl7.org/fhir/R4/codesystem-concept-map-equivalence.html#equivalent">is equivalent to</a></td><td>other</td></tr></table></div>
  </text>
  <url value="http://hl7.org/fhir/v2-tofhir"/>
  <version value="0.1.0"/>
  <name value="ConceptMap_v2-0001_Map"/>
  <status value="active"/>
  <experimental value="true"/>
  <date value="2020-03-01T00:00:00-05:00"/>
  <publisher value="HL7 International"/>
  <contact>
    <name value="HL7 Orders and Observations Workgroup"/>
    <telecom>
      <system value="email"/>
      <value value="https://confluence.hl7.org/display/OO/v2-to-FHIR+IG"/>
    </telecom>
  </contact>
  <contact>
    <name value="Keith W. Boone"/>
    <telecom>
      <system value="email"/>
      <value value="kboone@ainq.com"/>
    </telecom>
  </contact>
  <description value="This ConceptMap represents the mapping from the HL7 V2 Table v2-0001 to the FHIR Gender Value Set."/>
  <copyright value="Copyright (c) 2020, HL7 International, Inc., All Rights Reserved."/>
  <sourceUri value="http://terminology.hl7.org/CodeSystem/v2-0001"/>
  <targetUri value="http://hl7.org/fhir/administrative-gender"/>
  <group>
    <element>
      <code value="F"/>
      <display value="Female"/>
      <target>
        <code value="female"/>
        <display value="Female"/>
        <equivalence value="equivalent"/>
      </target>
    </element>
    <element>
      <code value="M"/>
      <display value="Male"/>
      <target>
        <code value="male"/>
        <display value="Male"/>
        <equivalence value="equivalent"/>
      </target>
    </element>
    <element>
      <code value="O"/>
      <display value="Other"/>
      <target>
        <code value="other"/>
        <display value="Other"/>
        <equivalence value="equivalent"/>
      </target>
    </element>
    <element>
      <code value="U"/>
      <display value="Unknown"/>
      <target>
        <code value="unknown"/>
        <display value="Unknown"/>
        <equivalence value="equivalent"/>
      </target>
    </element>
    <element>
      <code value="A"/>
      <display value="Ambiguous"/>
      <target>
        <code value="other"/>
        <display value="Other"/>
        <equivalence value="equivalent"/>
      </target>
    </element>
    <element>
      <code value="N"/>
      <display value="Not applicable"/>
      <target>
        <code value="other"/>
        <display value="Other"/>
        <equivalence value="equivalent"/>
      </target>
    </element>
  </group>
</ConceptMap>