<?xml version="1.0" encoding="UTF-8"?>

<ImplementationGuide xmlns="http://hl7.org/fhir">
  <id value="v2-tofhir"/>
  <text>
    <status value="generated"/><div xmlns="http://www.w3.org/1999/xhtml"><h2>HL7Version2toFHIR</h2><p>The official URL for this implementation guide is: </p><pre>http://hl7.org/fhir/v2-tofhir/ImplementationGuide/v2-tofhir</pre><div><p>asdf</p>
</div></div>
  </text>
  <url value="http://hl7.org/fhir/v2-tofhir/ImplementationGuide/v2-tofhir"/>
  <version value="0.1.0"/>
  <name value="HL7Version2toFHIR"/>
  <title value="HL7 Version 2 to FHIR"/>
  <status value="active"/>
  <date value="2020-03-01T04:02:25-05:00"/>
  <publisher value="HL7 International"/>
  <contact>
    <name value="HL7 Orders and Observations Workgroup"/>
    <telecom>
      <system value="email"/>
      <value value="https://confluence.hl7.org/display/OO/v2-to-FHIR+IG"/>
    </telecom>
  </contact>
  <contact>
    <name value="Keith W. Boone"/>
    <telecom>
      <system value="email"/>
      <value value="kboone@ainq.com"/>
    </telecom>
  </contact>
  <description value="asdf"/>
  <packageId value="v2-tofhir"/>
  <license value="CC0-1.0"/>
  <fhirVersion value="4.0.1"/>
  <definition>
    <extension url="http://hl7.org/fhir/tools/StructureDefinition/ig-parameter">
      <extension url="code">
        <valueString value="copyrightyear"/>
      </extension>
      <extension url="value">
        <valueString value="2020+"/>
      </extension>
    </extension>
    <extension url="http://hl7.org/fhir/tools/StructureDefinition/ig-parameter">
      <extension url="code">
        <valueString value="releaselabel"/>
      </extension>
      <extension url="value">
        <valueString value="CI Build"/>
      </extension>
    </extension>
    <extension url="http://hl7.org/fhir/tools/StructureDefinition/ig-parameter">
      <extension url="code">
        <valueString value="show-inherited-invariants"/>
      </extension>
      <extension url="value">
        <valueString value="false"/>
      </extension>
    </extension>
    <extension url="http://hl7.org/fhir/tools/StructureDefinition/ig-parameter">
      <extension url="code">
        <valueString value="path-qa"/>
      </extension>
      <extension url="value">
        <valueString value="temp/qa"/>
      </extension>
    </extension>
    <extension url="http://hl7.org/fhir/tools/StructureDefinition/ig-parameter">
      <extension url="code">
        <valueString value="path-temp"/>
      </extension>
      <extension url="value">
        <valueString value="temp/pages"/>
      </extension>
    </extension>
    <extension url="http://hl7.org/fhir/tools/StructureDefinition/ig-parameter">
      <extension url="code">
        <valueString value="path-output"/>
      </extension>
      <extension url="value">
        <valueString value="output"/>
      </extension>
    </extension>
    <extension url="http://hl7.org/fhir/tools/StructureDefinition/ig-parameter">
      <extension url="code">
        <valueString value="path-suppressed-warnings"/>
      </extension>
      <extension url="value">
        <valueString value="input/ignoreWarnings.txt"/>
      </extension>
    </extension>
    <extension url="http://hl7.org/fhir/tools/StructureDefinition/ig-parameter">
      <extension url="code">
        <valueString value="template-html"/>
      </extension>
      <extension url="value">
        <valueString value="template-page.html"/>
      </extension>
    </extension>
    <extension url="http://hl7.org/fhir/tools/StructureDefinition/ig-parameter">
      <extension url="code">
        <valueString value="template-md"/>
      </extension>
      <extension url="value">
        <valueString value="template-page-md.html"/>
      </extension>
    </extension>
    <extension url="http://hl7.org/fhir/tools/StructureDefinition/ig-parameter">
      <extension url="code">
        <valueString value="apply-contact"/>
      </extension>
      <extension url="value">
        <valueString value="true"/>
      </extension>
    </extension>
    <extension url="http://hl7.org/fhir/tools/StructureDefinition/ig-parameter">
      <extension url="code">
        <valueString value="apply-context"/>
      </extension>
      <extension url="value">
        <valueString value="true"/>
      </extension>
    </extension>
    <extension url="http://hl7.org/fhir/tools/StructureDefinition/ig-parameter">
      <extension url="code">
        <valueString value="apply-copyright"/>
      </extension>
      <extension url="value">
        <valueString value="true"/>
      </extension>
    </extension>
    <extension url="http://hl7.org/fhir/tools/StructureDefinition/ig-parameter">
      <extension url="code">
        <valueString value="apply-jurisdiction"/>
      </extension>
      <extension url="value">
        <valueString value="true"/>
      </extension>
    </extension>
    <extension url="http://hl7.org/fhir/tools/StructureDefinition/ig-parameter">
      <extension url="code">
        <valueString value="apply-license"/>
      </extension>
      <extension url="value">
        <valueString value="true"/>
      </extension>
    </extension>
    <extension url="http://hl7.org/fhir/tools/StructureDefinition/ig-parameter">
      <extension url="code">
        <valueString value="apply-publisher"/>
      </extension>
      <extension url="value">
        <valueString value="true"/>
      </extension>
    </extension>
    <extension url="http://hl7.org/fhir/tools/StructureDefinition/ig-parameter">
      <extension url="code">
        <valueString value="apply-version"/>
      </extension>
      <extension url="value">
        <valueString value="true"/>
      </extension>
    </extension>
    <extension url="http://hl7.org/fhir/tools/StructureDefinition/ig-parameter">
      <extension url="code">
        <valueString value="active-tables"/>
      </extension>
      <extension url="value">
        <valueString value="true"/>
      </extension>
    </extension>
    <resource>
      <extension url="http://hl7.org/fhir/tools/StructureDefinition/resource-information">
        <valueString value="ConceptMap"/>
      </extension>
      <extension url="http://hl7.org/fhir/StructureDefinition/implementationguide-page">
        <valueUri value="ConceptMap-conceptmap-hl7-concept-map-access-restriction-reason-code-sheet1.html"/>
      </extension>
      <reference>
        <reference value="ConceptMap/conceptmap-hl7-concept-map-access-restriction-reason-code-sheet1"/>
      </reference>
      <name value="ConceptMap HL7 Concept Map_ Access Restriction Reason Code - Sheet1.csv to Unknown Map"/>
      <description value="This ConceptMap represents the mapping from the HL7 V2 Table HL7 Concept Map_ Access Restriction Reason Code - Sheet1.csv to the FHIR Unknown Value Set."/>
      <exampleBoolean value="true"/>
    </resource>
    <resource>
      <extension url="http://hl7.org/fhir/tools/StructureDefinition/resource-information">
        <valueString value="ConceptMap"/>
      </extension>
      <extension url="http://hl7.org/fhir/StructureDefinition/implementationguide-page">
        <valueUri value="ConceptMap-conceptmap-hl7-concept-map-collection-method-modifier-sheet1.csv.html"/>
      </extension>
      <reference>
        <reference value="ConceptMap/conceptmap-hl7-concept-map-collection-method-modifier-sheet1.csv"/>
      </reference>
      <name value="ConceptMap HL7 Concept Map_ Collection Method Modifier - Sheet1.csv to Unknown Map"/>
      <description value="This ConceptMap represents the mapping from the HL7 V2 Table HL7 Concept Map_ Collection Method Modifier - Sheet1.csv to the FHIR Unknown Value Set."/>
      <exampleBoolean value="true"/>
    </resource>
    <resource>
      <extension url="http://hl7.org/fhir/tools/StructureDefinition/resource-information">
        <valueString value="ConceptMap"/>
      </extension>
      <extension url="http://hl7.org/fhir/StructureDefinition/implementationguide-page">
        <valueUri value="ConceptMap-conceptmap-hl7-concept-map-duration-unit-sheet1.csv-to-unknown.html"/>
      </extension>
      <reference>
        <reference value="ConceptMap/conceptmap-hl7-concept-map-duration-unit-sheet1.csv-to-unknown"/>
      </reference>
      <name value="ConceptMap HL7 Concept Map_ Duration Unit - Sheet1.csv to Unknown Map"/>
      <description value="This ConceptMap represents the mapping from the HL7 V2 Table HL7 Concept Map_ Duration Unit - Sheet1.csv to the FHIR Unknown Value Set."/>
      <exampleBoolean value="true"/>
    </resource>
    <resource>
      <extension url="http://hl7.org/fhir/tools/StructureDefinition/resource-information">
        <valueString value="ConceptMap"/>
      </extension>
      <extension url="http://hl7.org/fhir/StructureDefinition/implementationguide-page">
        <valueUri value="ConceptMap-conceptmap-hl7-concept-map-language-sheet1.csv-to-unknown.html"/>
      </extension>
      <reference>
        <reference value="ConceptMap/conceptmap-hl7-concept-map-language-sheet1.csv-to-unknown"/>
      </reference>
      <name value="ConceptMap HL7 Concept Map_ Language - Sheet1.csv to Unknown Map"/>
      <description value="This ConceptMap represents the mapping from the HL7 V2 Table HL7 Concept Map_ Language - Sheet1.csv to the FHIR Unknown Value Set."/>
      <exampleBoolean value="true"/>
    </resource>
    <resource>
      <extension url="http://hl7.org/fhir/tools/StructureDefinition/resource-information">
        <valueString value="ConceptMap"/>
      </extension>
      <extension url="http://hl7.org/fhir/StructureDefinition/implementationguide-page">
        <valueUri value="ConceptMap-conceptmap-hl7-concept-map-religion-sheet1.csv-to-unknown.html"/>
      </extension>
      <reference>
        <reference value="ConceptMap/conceptmap-hl7-concept-map-religion-sheet1.csv-to-unknown"/>
      </reference>
      <name value="ConceptMap HL7 Concept Map_ Religion - Sheet1.csv to Unknown Map"/>
      <description value="This ConceptMap represents the mapping from the HL7 V2 Table HL7 Concept Map_ Religion - Sheet1.csv to the FHIR Unknown Value Set."/>
      <exampleBoolean value="true"/>
    </resource>
    <resource>
      <extension url="http://hl7.org/fhir/tools/StructureDefinition/resource-information">
        <valueString value="ConceptMap"/>
      </extension>
      <extension url="http://hl7.org/fhir/StructureDefinition/implementationguide-page">
        <valueUri value="ConceptMap-conceptmap-v2-0001-to-gender.html"/>
      </extension>
      <reference>
        <reference value="ConceptMap/conceptmap-v2-0001-to-gender"/>
      </reference>
      <name value="ConceptMap v2-0001 to Gender Map"/>
      <description value="This ConceptMap represents the mapping from the HL7 V2 Table v2-0001 to the FHIR Gender Value Set."/>
      <exampleBoolean value="true"/>
    </resource>
    <resource>
      <extension url="http://hl7.org/fhir/tools/StructureDefinition/resource-information">
        <valueString value="ConceptMap"/>
      </extension>
      <extension url="http://hl7.org/fhir/StructureDefinition/implementationguide-page">
        <valueUri value="ConceptMap-conceptmap-v2-0002-to-marital-status.html"/>
      </extension>
      <reference>
        <reference value="ConceptMap/conceptmap-v2-0002-to-marital-status"/>
      </reference>
      <name value="ConceptMap v2-0002 to Marital Status Map"/>
      <description value="This ConceptMap represents the mapping from the HL7 V2 Table v2-0002 to the FHIR Marital Status Value Set."/>
      <exampleBoolean value="true"/>
    </resource>
    <resource>
      <extension url="http://hl7.org/fhir/tools/StructureDefinition/resource-information">
        <valueString value="ConceptMap"/>
      </extension>
      <extension url="http://hl7.org/fhir/StructureDefinition/implementationguide-page">
        <valueUri value="ConceptMap-conceptmap-v2-0004-to-encounter-class.html"/>
      </extension>
      <reference>
        <reference value="ConceptMap/conceptmap-v2-0004-to-encounter-class"/>
      </reference>
      <name value="ConceptMap v2-0004 to Encounter Class Map"/>
      <description value="This ConceptMap represents the mapping from the HL7 V2 Table v2-0004 to the FHIR Encounter Class Value Set."/>
      <exampleBoolean value="true"/>
    </resource>
    <resource>
      <extension url="http://hl7.org/fhir/tools/StructureDefinition/resource-information">
        <valueString value="ConceptMap"/>
      </extension>
      <extension url="http://hl7.org/fhir/StructureDefinition/implementationguide-page">
        <valueUri value="ConceptMap-conceptmap-v2-0004-to-encounter-type.html"/>
      </extension>
      <reference>
        <reference value="ConceptMap/conceptmap-v2-0004-to-encounter-type"/>
      </reference>
      <name value="ConceptMap v2-0004 to Encounter Type Map"/>
      <description value="This ConceptMap represents the mapping from the HL7 V2 Table v2-0004 to the FHIR Encounter Type Value Set."/>
      <exampleBoolean value="true"/>
    </resource>
    <resource>
      <extension url="http://hl7.org/fhir/tools/StructureDefinition/resource-information">
        <valueString value="ConceptMap"/>
      </extension>
      <extension url="http://hl7.org/fhir/StructureDefinition/implementationguide-page">
        <valueUri value="ConceptMap-conceptmap-v2-0007-to-admission-type.html"/>
      </extension>
      <reference>
        <reference value="ConceptMap/conceptmap-v2-0007-to-admission-type"/>
      </reference>
      <name value="ConceptMap v2-0007 to Admission Type Map"/>
      <description value="This ConceptMap represents the mapping from the HL7 V2 Table v2-0007 to the FHIR Admission Type Value Set."/>
      <exampleBoolean value="true"/>
    </resource>
    <resource>
      <extension url="http://hl7.org/fhir/tools/StructureDefinition/resource-information">
        <valueString value="ConceptMap"/>
      </extension>
      <extension url="http://hl7.org/fhir/StructureDefinition/implementationguide-page">
        <valueUri value="ConceptMap-conceptmap-v2-0063-to-relationship.html"/>
      </extension>
      <reference>
        <reference value="ConceptMap/conceptmap-v2-0063-to-relationship"/>
      </reference>
      <name value="ConceptMap v2-0063 to Relationship Map"/>
      <description value="This ConceptMap represents the mapping from the HL7 V2 Table v2-0063 to the FHIR Relationship Value Set."/>
      <exampleBoolean value="true"/>
    </resource>
    <resource>
      <extension url="http://hl7.org/fhir/tools/StructureDefinition/resource-information">
        <valueString value="ConceptMap"/>
      </extension>
      <extension url="http://hl7.org/fhir/StructureDefinition/implementationguide-page">
        <valueUri value="ConceptMap-conceptmap-v2-0078-to-interpretation-codes.html"/>
      </extension>
      <reference>
        <reference value="ConceptMap/conceptmap-v2-0078-to-interpretation-codes"/>
      </reference>
      <name value="ConceptMap v2-0078 to Interpretation Codes Map"/>
      <description value="This ConceptMap represents the mapping from the HL7 V2 Table v2-0078 to the FHIR Interpretation Codes Value Set."/>
      <exampleBoolean value="true"/>
    </resource>
    <resource>
      <extension url="http://hl7.org/fhir/tools/StructureDefinition/resource-information">
        <valueString value="ConceptMap"/>
      </extension>
      <extension url="http://hl7.org/fhir/StructureDefinition/implementationguide-page">
        <valueUri value="ConceptMap-conceptmap-v2-0085-to-observation-status.html"/>
      </extension>
      <reference>
        <reference value="ConceptMap/conceptmap-v2-0085-to-observation-status"/>
      </reference>
      <name value="ConceptMap v2-0085 to Observation Status Map"/>
      <description value="This ConceptMap represents the mapping from the HL7 V2 Table v2-0085 to the FHIR Observation Status Value Set."/>
      <exampleBoolean value="true"/>
    </resource>
    <resource>
      <extension url="http://hl7.org/fhir/tools/StructureDefinition/resource-information">
        <valueString value="ConceptMap"/>
      </extension>
      <extension url="http://hl7.org/fhir/StructureDefinition/implementationguide-page">
        <valueUri value="ConceptMap-conceptmap-v2-0092-to-readmission-indicator.html"/>
      </extension>
      <reference>
        <reference value="ConceptMap/conceptmap-v2-0092-to-readmission-indicator"/>
      </reference>
      <name value="ConceptMap v2-0092 to Readmission Indicator Map"/>
      <description value="This ConceptMap represents the mapping from the HL7 V2 Table v2-0092 to the FHIR Readmission Indicator Value Set."/>
      <exampleBoolean value="true"/>
    </resource>
    <resource>
      <extension url="http://hl7.org/fhir/tools/StructureDefinition/resource-information">
        <valueString value="ConceptMap"/>
      </extension>
      <extension url="http://hl7.org/fhir/StructureDefinition/implementationguide-page">
        <valueUri value="ConceptMap-conceptmap-v2-0123-to-result-status.html"/>
      </extension>
      <reference>
        <reference value="ConceptMap/conceptmap-v2-0123-to-result-status"/>
      </reference>
      <name value="ConceptMap v2-0123 to Result Status Map"/>
      <description value="This ConceptMap represents the mapping from the HL7 V2 Table v2-0123 to the FHIR Result Status Value Set."/>
      <exampleBoolean value="true"/>
    </resource>
    <resource>
      <extension url="http://hl7.org/fhir/tools/StructureDefinition/resource-information">
        <valueString value="ConceptMap"/>
      </extension>
      <extension url="http://hl7.org/fhir/StructureDefinition/implementationguide-page">
        <valueUri value="ConceptMap-conceptmap-v2-0125-to-value-type.html"/>
      </extension>
      <reference>
        <reference value="ConceptMap/conceptmap-v2-0125-to-value-type"/>
      </reference>
      <name value="ConceptMap v2-0125 to Value Type Map"/>
      <description value="This ConceptMap represents the mapping from the HL7 V2 Table v2-0125 to the FHIR Value Type Value Set."/>
      <exampleBoolean value="true"/>
    </resource>
    <resource>
      <extension url="http://hl7.org/fhir/tools/StructureDefinition/resource-information">
        <valueString value="ConceptMap"/>
      </extension>
      <extension url="http://hl7.org/fhir/StructureDefinition/implementationguide-page">
        <valueUri value="ConceptMap-conceptmap-v2-0127-to-allergy-category.html"/>
      </extension>
      <reference>
        <reference value="ConceptMap/conceptmap-v2-0127-to-allergy-category"/>
      </reference>
      <name value="ConceptMap v2-0127 to Allergy Category Map"/>
      <description value="This ConceptMap represents the mapping from the HL7 V2 Table v2-0127 to the FHIR Allergy Category Value Set."/>
      <exampleBoolean value="true"/>
    </resource>
    <resource>
      <extension url="http://hl7.org/fhir/tools/StructureDefinition/resource-information">
        <valueString value="ConceptMap"/>
      </extension>
      <extension url="http://hl7.org/fhir/StructureDefinition/implementationguide-page">
        <valueUri value="ConceptMap-conceptmap-v2-0127-to-allergy-type.html"/>
      </extension>
      <reference>
        <reference value="ConceptMap/conceptmap-v2-0127-to-allergy-type"/>
      </reference>
      <name value="ConceptMap v2-0127 to Allergy Type Map"/>
      <description value="This ConceptMap represents the mapping from the HL7 V2 Table v2-0127 to the FHIR Allergy Type Value Set."/>
      <exampleBoolean value="true"/>
    </resource>
    <resource>
      <extension url="http://hl7.org/fhir/tools/StructureDefinition/resource-information">
        <valueString value="ConceptMap"/>
      </extension>
      <extension url="http://hl7.org/fhir/StructureDefinition/implementationguide-page">
        <valueUri value="ConceptMap-conceptmap-v2-0131-to-contact-role.html"/>
      </extension>
      <reference>
        <reference value="ConceptMap/conceptmap-v2-0131-to-contact-role"/>
      </reference>
      <name value="ConceptMap v2-0131 to Contact Role Map"/>
      <description value="This ConceptMap represents the mapping from the HL7 V2 Table v2-0131 to the FHIR Contact Role Value Set."/>
      <exampleBoolean value="true"/>
    </resource>
    <resource>
      <extension url="http://hl7.org/fhir/tools/StructureDefinition/resource-information">
        <valueString value="ConceptMap"/>
      </extension>
      <extension url="http://hl7.org/fhir/StructureDefinition/implementationguide-page">
        <valueUri value="ConceptMap-conceptmap-v2-0136-to-specimen-availability.html"/>
      </extension>
      <reference>
        <reference value="ConceptMap/conceptmap-v2-0136-to-specimen-availability"/>
      </reference>
      <name value="ConceptMap v2-0136 to Specimen Availability Map"/>
      <description value="This ConceptMap represents the mapping from the HL7 V2 Table v2-0136 to the FHIR Specimen Availability Value Set."/>
      <exampleBoolean value="true"/>
    </resource>
    <resource>
      <extension url="http://hl7.org/fhir/tools/StructureDefinition/resource-information">
        <valueString value="ConceptMap"/>
      </extension>
      <extension url="http://hl7.org/fhir/StructureDefinition/implementationguide-page">
        <valueUri value="ConceptMap-conceptmap-v2-0136-to-yesno.html"/>
      </extension>
      <reference>
        <reference value="ConceptMap/conceptmap-v2-0136-to-yesno"/>
      </reference>
      <name value="ConceptMap v2-0136 to YesNo Map"/>
      <description value="This ConceptMap represents the mapping from the HL7 V2 Table v2-0136 to the FHIR YesNo Value Set."/>
      <exampleBoolean value="true"/>
    </resource>
    <resource>
      <extension url="http://hl7.org/fhir/tools/StructureDefinition/resource-information">
        <valueString value="ConceptMap"/>
      </extension>
      <extension url="http://hl7.org/fhir/StructureDefinition/implementationguide-page">
        <valueUri value="ConceptMap-conceptmap-v2-0155-to-acknowledgements.html"/>
      </extension>
      <reference>
        <reference value="ConceptMap/conceptmap-v2-0155-to-acknowledgements"/>
      </reference>
      <name value="ConceptMap v2-0155 to Acknowledgements Map"/>
      <description value="This ConceptMap represents the mapping from the HL7 V2 Table v2-0155 to the FHIR Acknowledgements Value Set."/>
      <exampleBoolean value="true"/>
    </resource>
    <resource>
      <extension url="http://hl7.org/fhir/tools/StructureDefinition/resource-information">
        <valueString value="ConceptMap"/>
      </extension>
      <extension url="http://hl7.org/fhir/StructureDefinition/implementationguide-page">
        <valueUri value="ConceptMap-conceptmap-v2-0185-to-preferred-method-of-contact.html"/>
      </extension>
      <reference>
        <reference value="ConceptMap/conceptmap-v2-0185-to-preferred-method-of-contact"/>
      </reference>
      <name value="ConceptMap v2-0185 to Preferred Method of Contact Map"/>
      <description value="This ConceptMap represents the mapping from the HL7 V2 Table v2-0185 to the FHIR Preferred Method of Contact Value Set."/>
      <exampleBoolean value="true"/>
    </resource>
    <resource>
      <extension url="http://hl7.org/fhir/tools/StructureDefinition/resource-information">
        <valueString value="ConceptMap"/>
      </extension>
      <extension url="http://hl7.org/fhir/StructureDefinition/implementationguide-page">
        <valueUri value="ConceptMap-conceptmap-v2-0190-to-address-type.html"/>
      </extension>
      <reference>
        <reference value="ConceptMap/conceptmap-v2-0190-to-address-type"/>
      </reference>
      <name value="ConceptMap v2-0190 to Address Type Map"/>
      <description value="This ConceptMap represents the mapping from the HL7 V2 Table v2-0190 to the FHIR Address Type Value Set."/>
      <exampleBoolean value="true"/>
    </resource>
    <resource>
      <extension url="http://hl7.org/fhir/tools/StructureDefinition/resource-information">
        <valueString value="ConceptMap"/>
      </extension>
      <extension url="http://hl7.org/fhir/StructureDefinition/implementationguide-page">
        <valueUri value="ConceptMap-conceptmap-v2-0200-to-name-type.html"/>
      </extension>
      <reference>
        <reference value="ConceptMap/conceptmap-v2-0200-to-name-type"/>
      </reference>
      <name value="ConceptMap v2-0200 to Name Type Map"/>
      <description value="This ConceptMap represents the mapping from the HL7 V2 Table v2-0200 to the FHIR Name Type Value Set."/>
      <exampleBoolean value="true"/>
    </resource>
    <resource>
      <extension url="http://hl7.org/fhir/tools/StructureDefinition/resource-information">
        <valueString value="ConceptMap"/>
      </extension>
      <extension url="http://hl7.org/fhir/StructureDefinition/implementationguide-page">
        <valueUri value="ConceptMap-conceptmap-v2-0201-to-telecom-use-code.html"/>
      </extension>
      <reference>
        <reference value="ConceptMap/conceptmap-v2-0201-to-telecom-use-code"/>
      </reference>
      <name value="ConceptMap v2-0201 to Telecom Use Code Map"/>
      <description value="This ConceptMap represents the mapping from the HL7 V2 Table v2-0201 to the FHIR Telecom Use Code Value Set."/>
      <exampleBoolean value="true"/>
    </resource>
    <resource>
      <extension url="http://hl7.org/fhir/tools/StructureDefinition/resource-information">
        <valueString value="ConceptMap"/>
      </extension>
      <extension url="http://hl7.org/fhir/StructureDefinition/implementationguide-page">
        <valueUri value="ConceptMap-conceptmap-v2-0203-to-id-type.html"/>
      </extension>
      <reference>
        <reference value="ConceptMap/conceptmap-v2-0203-to-id-type"/>
      </reference>
      <name value="ConceptMap v2-0203 to ID Type Map"/>
      <description value="This ConceptMap represents the mapping from the HL7 V2 Table v2-0203 to the FHIR ID Type Value Set."/>
      <exampleBoolean value="true"/>
    </resource>
    <resource>
      <extension url="http://hl7.org/fhir/tools/StructureDefinition/resource-information">
        <valueString value="ConceptMap"/>
      </extension>
      <extension url="http://hl7.org/fhir/StructureDefinition/implementationguide-page">
        <valueUri value="ConceptMap-conceptmap-v2-0206-to-segment-action-code.html"/>
      </extension>
      <reference>
        <reference value="ConceptMap/conceptmap-v2-0206-to-segment-action-code"/>
      </reference>
      <name value="ConceptMap v2-0206 to Segment Action Code Map"/>
      <description value="This ConceptMap represents the mapping from the HL7 V2 Table v2-0206 to the FHIR Segment Action Code Value Set."/>
      <exampleBoolean value="true"/>
    </resource>
    <resource>
      <extension url="http://hl7.org/fhir/tools/StructureDefinition/resource-information">
        <valueString value="ConceptMap"/>
      </extension>
      <extension url="http://hl7.org/fhir/StructureDefinition/implementationguide-page">
        <valueUri value="ConceptMap-conceptmap-v2-0217-to-encounter-priority.html"/>
      </extension>
      <reference>
        <reference value="ConceptMap/conceptmap-v2-0217-to-encounter-priority"/>
      </reference>
      <name value="ConceptMap v2-0217 to Encounter Priority Map"/>
      <description value="This ConceptMap represents the mapping from the HL7 V2 Table v2-0217 to the FHIR Encounter Priority Value Set."/>
      <exampleBoolean value="true"/>
    </resource>
    <resource>
      <extension url="http://hl7.org/fhir/tools/StructureDefinition/resource-information">
        <valueString value="ConceptMap"/>
      </extension>
      <extension url="http://hl7.org/fhir/StructureDefinition/implementationguide-page">
        <valueUri value="ConceptMap-conceptmap-v2-0231-to-student-status.html"/>
      </extension>
      <reference>
        <reference value="ConceptMap/conceptmap-v2-0231-to-student-status"/>
      </reference>
      <name value="ConceptMap v2-0231 to Student Status Map"/>
      <description value="This ConceptMap represents the mapping from the HL7 V2 Table v2-0231 to the FHIR Student Status Value Set."/>
      <exampleBoolean value="true"/>
    </resource>
    <resource>
      <extension url="http://hl7.org/fhir/tools/StructureDefinition/resource-information">
        <valueString value="ConceptMap"/>
      </extension>
      <extension url="http://hl7.org/fhir/StructureDefinition/implementationguide-page">
        <valueUri value="ConceptMap-conceptmap-v2-0301-to-universal-id-type.html"/>
      </extension>
      <reference>
        <reference value="ConceptMap/conceptmap-v2-0301-to-universal-id-type"/>
      </reference>
      <name value="ConceptMap v2-0301 to Universal ID Type Map"/>
      <description value="This ConceptMap represents the mapping from the HL7 V2 Table v2-0301 to the FHIR Universal ID Type Value Set."/>
      <exampleBoolean value="true"/>
    </resource>
    <resource>
      <extension url="http://hl7.org/fhir/tools/StructureDefinition/resource-information">
        <valueString value="ConceptMap"/>
      </extension>
      <extension url="http://hl7.org/fhir/StructureDefinition/implementationguide-page">
        <valueUri value="ConceptMap-conceptmap-v2-0315-to-living-will.html"/>
      </extension>
      <reference>
        <reference value="ConceptMap/conceptmap-v2-0315-to-living-will"/>
      </reference>
      <name value="ConceptMap v2-0315 to Living Will Map"/>
      <description value="This ConceptMap represents the mapping from the HL7 V2 Table v2-0315 to the FHIR Living Will Value Set."/>
      <exampleBoolean value="true"/>
    </resource>
    <resource>
      <extension url="http://hl7.org/fhir/tools/StructureDefinition/resource-information">
        <valueString value="ConceptMap"/>
      </extension>
      <extension url="http://hl7.org/fhir/StructureDefinition/implementationguide-page">
        <valueUri value="ConceptMap-conceptmap-v2-0322-to-completion-status.html"/>
      </extension>
      <reference>
        <reference value="ConceptMap/conceptmap-v2-0322-to-completion-status"/>
      </reference>
      <name value="ConceptMap v2-0322 to Completion Status Map"/>
      <description value="This ConceptMap represents the mapping from the HL7 V2 Table v2-0322 to the FHIR Completion Status Value Set."/>
      <exampleBoolean value="true"/>
    </resource>
    <resource>
      <extension url="http://hl7.org/fhir/tools/StructureDefinition/resource-information">
        <valueString value="ConceptMap"/>
      </extension>
      <extension url="http://hl7.org/fhir/StructureDefinition/implementationguide-page">
        <valueUri value="ConceptMap-conceptmap-v2-0406-to-organization-unit-type.html"/>
      </extension>
      <reference>
        <reference value="ConceptMap/conceptmap-v2-0406-to-organization-unit-type"/>
      </reference>
      <name value="ConceptMap v2-0406 to Organization Unit Type Map"/>
      <description value="This ConceptMap represents the mapping from the HL7 V2 Table v2-0406 to the FHIR Organization Unit Type Value Set."/>
      <exampleBoolean value="true"/>
    </resource>
    <resource>
      <extension url="http://hl7.org/fhir/tools/StructureDefinition/resource-information">
        <valueString value="ConceptMap"/>
      </extension>
      <extension url="http://hl7.org/fhir/StructureDefinition/implementationguide-page">
        <valueUri value="ConceptMap-conceptmap-v2-0430-to-mode-of-arrival.html"/>
      </extension>
      <reference>
        <reference value="ConceptMap/conceptmap-v2-0430-to-mode-of-arrival"/>
      </reference>
      <name value="ConceptMap v2-0430 to Mode of Arrival Map"/>
      <description value="This ConceptMap represents the mapping from the HL7 V2 Table v2-0430 to the FHIR Mode of Arrival Value Set."/>
      <exampleBoolean value="true"/>
    </resource>
    <resource>
      <extension url="http://hl7.org/fhir/tools/StructureDefinition/resource-information">
        <valueString value="ConceptMap"/>
      </extension>
      <extension url="http://hl7.org/fhir/StructureDefinition/implementationguide-page">
        <valueUri value="ConceptMap-conceptmap-v2-0441-to-registry-status.html"/>
      </extension>
      <reference>
        <reference value="ConceptMap/conceptmap-v2-0441-to-registry-status"/>
      </reference>
      <name value="ConceptMap v2-0441 to Registry Status Map"/>
      <description value="This ConceptMap represents the mapping from the HL7 V2 Table v2-0441 to the FHIR Registry Status Value Set."/>
      <exampleBoolean value="true"/>
    </resource>
    <resource>
      <extension url="http://hl7.org/fhir/tools/StructureDefinition/resource-information">
        <valueString value="ConceptMap"/>
      </extension>
      <extension url="http://hl7.org/fhir/StructureDefinition/implementationguide-page">
        <valueUri value="ConceptMap-conceptmap-v2-0443-to-role.html"/>
      </extension>
      <reference>
        <reference value="ConceptMap/conceptmap-v2-0443-to-role"/>
      </reference>
      <name value="ConceptMap v2-0443 to Role Map"/>
      <description value="This ConceptMap represents the mapping from the HL7 V2 Table v2-0443 to the FHIR Role Value Set."/>
      <exampleBoolean value="true"/>
    </resource>
    <resource>
      <extension url="http://hl7.org/fhir/tools/StructureDefinition/resource-information">
        <valueString value="ConceptMap"/>
      </extension>
      <extension url="http://hl7.org/fhir/StructureDefinition/implementationguide-page">
        <valueUri value="ConceptMap-conceptmap-v2-0444-to-name-assembly-order.html"/>
      </extension>
      <reference>
        <reference value="ConceptMap/conceptmap-v2-0444-to-name-assembly-order"/>
      </reference>
      <name value="ConceptMap v2-0444 to Name Assembly Order Map"/>
      <description value="This ConceptMap represents the mapping from the HL7 V2 Table v2-0444 to the FHIR Name Assembly Order Value Set."/>
      <exampleBoolean value="true"/>
    </resource>
    <resource>
      <extension url="http://hl7.org/fhir/tools/StructureDefinition/resource-information">
        <valueString value="ConceptMap"/>
      </extension>
      <extension url="http://hl7.org/fhir/StructureDefinition/implementationguide-page">
        <valueUri value="ConceptMap-conceptmap-v2-0480-to-order-type.html"/>
      </extension>
      <reference>
        <reference value="ConceptMap/conceptmap-v2-0480-to-order-type"/>
      </reference>
      <name value="ConceptMap v2-0480 to Order Type Map"/>
      <description value="This ConceptMap represents the mapping from the HL7 V2 Table v2-0480 to the FHIR Order Type Value Set."/>
      <exampleBoolean value="true"/>
    </resource>
    <resource>
      <extension url="http://hl7.org/fhir/tools/StructureDefinition/resource-information">
        <valueString value="ConceptMap"/>
      </extension>
      <extension url="http://hl7.org/fhir/StructureDefinition/implementationguide-page">
        <valueUri value="ConceptMap-conceptmap-v2-0485-to-priority.html"/>
      </extension>
      <reference>
        <reference value="ConceptMap/conceptmap-v2-0485-to-priority"/>
      </reference>
      <name value="ConceptMap v2-0485 to Priority Map"/>
      <description value="This ConceptMap represents the mapping from the HL7 V2 Table v2-0485 to the FHIR Priority Value Set."/>
      <exampleBoolean value="true"/>
    </resource>
    <resource>
      <extension url="http://hl7.org/fhir/tools/StructureDefinition/resource-information">
        <valueString value="ConceptMap"/>
      </extension>
      <extension url="http://hl7.org/fhir/StructureDefinition/implementationguide-page">
        <valueUri value="ConceptMap-conceptmap-v2-0498-to-consent-status.html"/>
      </extension>
      <reference>
        <reference value="ConceptMap/conceptmap-v2-0498-to-consent-status"/>
      </reference>
      <name value="ConceptMap v2-0498 to Consent Status Map"/>
      <description value="This ConceptMap represents the mapping from the HL7 V2 Table v2-0498 to the FHIR Consent Status Value Set."/>
      <exampleBoolean value="true"/>
    </resource>
    <resource>
      <extension url="http://hl7.org/fhir/tools/StructureDefinition/resource-information">
        <valueString value="ConceptMap"/>
      </extension>
      <extension url="http://hl7.org/fhir/StructureDefinition/implementationguide-page">
        <valueUri value="ConceptMap-conceptmap-v2-0549-to-consent-relationship.html"/>
      </extension>
      <reference>
        <reference value="ConceptMap/conceptmap-v2-0549-to-consent-relationship"/>
      </reference>
      <name value="ConceptMap v2-0549 to Consent Relationship Map"/>
      <description value="This ConceptMap represents the mapping from the HL7 V2 Table v2-0549 to the FHIR Consent Relationship Value Set."/>
      <exampleBoolean value="true"/>
    </resource>
    <resource>
      <extension url="http://hl7.org/fhir/tools/StructureDefinition/resource-information">
        <valueString value="ConceptMap"/>
      </extension>
      <extension url="http://hl7.org/fhir/StructureDefinition/implementationguide-page">
        <valueUri value="ConceptMap-conceptmap-v2-0717-to-access-restriction-value.html"/>
      </extension>
      <reference>
        <reference value="ConceptMap/conceptmap-v2-0717-to-access-restriction-value"/>
      </reference>
      <name value="ConceptMap v2-0717 to Access Restriction Value Map"/>
      <description value="This ConceptMap represents the mapping from the HL7 V2 Table v2-0717 to the FHIR Access Restriction Value Value Set."/>
      <exampleBoolean value="true"/>
    </resource>
    <resource>
      <extension url="http://hl7.org/fhir/tools/StructureDefinition/resource-information">
        <valueString value="ConceptMap"/>
      </extension>
      <extension url="http://hl7.org/fhir/StructureDefinition/implementationguide-page">
        <valueUri value="ConceptMap-segment-al1-to-allergyintolerance.html"/>
      </extension>
      <reference>
        <reference value="ConceptMap/segment-al1-to-allergyintolerance"/>
      </reference>
      <name value="Segment AL1 to AllergyIntolerance Map"/>
      <description value="This ConceptMap represents the mapping from the HL7 V2 AL1 Segment to the FHIR AllergyIntolerance Resource representing that segment."/>
      <exampleBoolean value="true"/>
    </resource>
    <resource>
      <extension url="http://hl7.org/fhir/tools/StructureDefinition/resource-information">
        <valueString value="ConceptMap"/>
      </extension>
      <extension url="http://hl7.org/fhir/StructureDefinition/implementationguide-page">
        <valueUri value="ConceptMap-segment-dg1-to-condition.html"/>
      </extension>
      <reference>
        <reference value="ConceptMap/segment-dg1-to-condition"/>
      </reference>
      <name value="Segment DG1 to Condition Map"/>
      <description value="This ConceptMap represents the mapping from the HL7 V2 DG1 Segment to the FHIR Condition Resource representing that segment."/>
      <exampleBoolean value="true"/>
    </resource>
    <resource>
      <extension url="http://hl7.org/fhir/tools/StructureDefinition/resource-information">
        <valueString value="ConceptMap"/>
      </extension>
      <extension url="http://hl7.org/fhir/StructureDefinition/implementationguide-page">
        <valueUri value="ConceptMap-segment-hl7-segment-fhir-r4-orcmedicationrequest-sheet1.csv-to-u.html"/>
      </extension>
      <reference>
        <reference value="ConceptMap/segment-hl7-segment-fhir-r4-orcmedicationrequest-sheet1.csv-to-u"/>
      </reference>
      <name value="Segment HL7 Segment - FHIR R4_ ORC[MedicationRequest] - Sheet1.csv to Unknown Map"/>
      <description value="This ConceptMap represents the mapping from the HL7 V2 HL7 Segment - FHIR R4_ ORC[MedicationRequest] - Sheet1.csv Segment to the FHIR Unknown Resource representing that segment."/>
      <exampleBoolean value="true"/>
    </resource>
    <resource>
      <extension url="http://hl7.org/fhir/tools/StructureDefinition/resource-information">
        <valueString value="ConceptMap"/>
      </extension>
      <extension url="http://hl7.org/fhir/StructureDefinition/implementationguide-page">
        <valueUri value="ConceptMap-segment-iam-to-allergyintolerance.html"/>
      </extension>
      <reference>
        <reference value="ConceptMap/segment-iam-to-allergyintolerance"/>
      </reference>
      <name value="Segment IAM to AllergyIntolerance Map"/>
      <description value="This ConceptMap represents the mapping from the HL7 V2 IAM Segment to the FHIR AllergyIntolerance Resource representing that segment."/>
      <exampleBoolean value="true"/>
    </resource>
    <resource>
      <extension url="http://hl7.org/fhir/tools/StructureDefinition/resource-information">
        <valueString value="ConceptMap"/>
      </extension>
      <extension url="http://hl7.org/fhir/StructureDefinition/implementationguide-page">
        <valueUri value="ConceptMap-segment-msh-to-messageheader.html"/>
      </extension>
      <reference>
        <reference value="ConceptMap/segment-msh-to-messageheader"/>
      </reference>
      <name value="Segment MSH to MessageHeader Map"/>
      <description value="This ConceptMap represents the mapping from the HL7 V2 MSH Segment to the FHIR MessageHeader Resource representing that segment."/>
      <exampleBoolean value="true"/>
    </resource>
    <resource>
      <extension url="http://hl7.org/fhir/tools/StructureDefinition/resource-information">
        <valueString value="ConceptMap"/>
      </extension>
      <extension url="http://hl7.org/fhir/StructureDefinition/implementationguide-page">
        <valueUri value="ConceptMap-segment-nk1-patient-to-patient.html"/>
      </extension>
      <reference>
        <reference value="ConceptMap/segment-nk1-patient-to-patient"/>
      </reference>
      <name value="Segment NK1!Patient to Patient Map"/>
      <description value="This ConceptMap represents the mapping from the HL7 V2 NK1!Patient Segment to the FHIR Patient Resource representing that segment."/>
      <exampleBoolean value="true"/>
    </resource>
    <resource>
      <extension url="http://hl7.org/fhir/tools/StructureDefinition/resource-information">
        <valueString value="ConceptMap"/>
      </extension>
      <extension url="http://hl7.org/fhir/StructureDefinition/implementationguide-page">
        <valueUri value="ConceptMap-segment-nk1-relatedperson-to-relatedperson.html"/>
      </extension>
      <reference>
        <reference value="ConceptMap/segment-nk1-relatedperson-to-relatedperson"/>
      </reference>
      <name value="Segment NK1!RelatedPerson to RelatedPerson Map"/>
      <description value="This ConceptMap represents the mapping from the HL7 V2 NK1!RelatedPerson Segment to the FHIR RelatedPerson Resource representing that segment."/>
      <exampleBoolean value="true"/>
    </resource>
    <resource>
      <extension url="http://hl7.org/fhir/tools/StructureDefinition/resource-information">
        <valueString value="ConceptMap"/>
      </extension>
      <extension url="http://hl7.org/fhir/StructureDefinition/implementationguide-page">
        <valueUri value="ConceptMap-segment-nte-annotation-to-annotation.html"/>
      </extension>
      <reference>
        <reference value="ConceptMap/segment-nte-annotation-to-annotation"/>
      </reference>
      <name value="Segment NTE!Annotation to Annotation Map"/>
      <description value="This ConceptMap represents the mapping from the HL7 V2 NTE!Annotation Segment to the FHIR Annotation Resource representing that segment."/>
      <exampleBoolean value="true"/>
    </resource>
    <resource>
      <extension url="http://hl7.org/fhir/tools/StructureDefinition/resource-information">
        <valueString value="ConceptMap"/>
      </extension>
      <extension url="http://hl7.org/fhir/StructureDefinition/implementationguide-page">
        <valueUri value="ConceptMap-segment-obr-diagnosticreport-to-diagnosticreport.html"/>
      </extension>
      <reference>
        <reference value="ConceptMap/segment-obr-diagnosticreport-to-diagnosticreport"/>
      </reference>
      <name value="Segment OBR!DiagnosticReport to DiagnosticReport Map"/>
      <description value="This ConceptMap represents the mapping from the HL7 V2 OBR!DiagnosticReport Segment to the FHIR DiagnosticReport Resource representing that segment."/>
      <exampleBoolean value="true"/>
    </resource>
    <resource>
      <extension url="http://hl7.org/fhir/tools/StructureDefinition/resource-information">
        <valueString value="ConceptMap"/>
      </extension>
      <extension url="http://hl7.org/fhir/StructureDefinition/implementationguide-page">
        <valueUri value="ConceptMap-segment-obr-servicerequest-to-servicerequest.html"/>
      </extension>
      <reference>
        <reference value="ConceptMap/segment-obr-servicerequest-to-servicerequest"/>
      </reference>
      <name value="Segment OBR!ServiceRequest to ServiceRequest Map"/>
      <description value="This ConceptMap represents the mapping from the HL7 V2 OBR!ServiceRequest Segment to the FHIR ServiceRequest Resource representing that segment."/>
      <exampleBoolean value="true"/>
    </resource>
    <resource>
      <extension url="http://hl7.org/fhir/tools/StructureDefinition/resource-information">
        <valueString value="ConceptMap"/>
      </extension>
      <extension url="http://hl7.org/fhir/StructureDefinition/implementationguide-page">
        <valueUri value="ConceptMap-segment-obx-observation-to-observation.html"/>
      </extension>
      <reference>
        <reference value="ConceptMap/segment-obx-observation-to-observation"/>
      </reference>
      <name value="Segment OBX!Observation to Observation Map"/>
      <description value="This ConceptMap represents the mapping from the HL7 V2 OBX!Observation Segment to the FHIR Observation Resource representing that segment."/>
      <exampleBoolean value="true"/>
    </resource>
    <resource>
      <extension url="http://hl7.org/fhir/tools/StructureDefinition/resource-information">
        <valueString value="ConceptMap"/>
      </extension>
      <extension url="http://hl7.org/fhir/StructureDefinition/implementationguide-page">
        <valueUri value="ConceptMap-segment-obx-observationcomponent-to-observation.html"/>
      </extension>
      <reference>
        <reference value="ConceptMap/segment-obx-observationcomponent-to-observation"/>
      </reference>
      <name value="Segment OBX!ObservationComponent to Observation Map"/>
      <description value="This ConceptMap represents the mapping from the HL7 V2 OBX!ObservationComponent Segment to the FHIR Observation Resource representing that segment."/>
      <exampleBoolean value="true"/>
    </resource>
    <resource>
      <extension url="http://hl7.org/fhir/tools/StructureDefinition/resource-information">
        <valueString value="ConceptMap"/>
      </extension>
      <extension url="http://hl7.org/fhir/StructureDefinition/implementationguide-page">
        <valueUri value="ConceptMap-segment-orc-diagnosticreport-to-diagnosticreport.html"/>
      </extension>
      <reference>
        <reference value="ConceptMap/segment-orc-diagnosticreport-to-diagnosticreport"/>
      </reference>
      <name value="Segment ORC!DiagnosticReport to DiagnosticReport Map"/>
      <description value="This ConceptMap represents the mapping from the HL7 V2 ORC!DiagnosticReport Segment to the FHIR DiagnosticReport Resource representing that segment."/>
      <exampleBoolean value="true"/>
    </resource>
    <resource>
      <extension url="http://hl7.org/fhir/tools/StructureDefinition/resource-information">
        <valueString value="ConceptMap"/>
      </extension>
      <extension url="http://hl7.org/fhir/StructureDefinition/implementationguide-page">
        <valueUri value="ConceptMap-segment-orc-immunization-to-immunization.html"/>
      </extension>
      <reference>
        <reference value="ConceptMap/segment-orc-immunization-to-immunization"/>
      </reference>
      <name value="Segment ORC!Immunization to Immunization Map"/>
      <description value="This ConceptMap represents the mapping from the HL7 V2 ORC!Immunization Segment to the FHIR Immunization Resource representing that segment."/>
      <exampleBoolean value="true"/>
    </resource>
    <resource>
      <extension url="http://hl7.org/fhir/tools/StructureDefinition/resource-information">
        <valueString value="ConceptMap"/>
      </extension>
      <extension url="http://hl7.org/fhir/StructureDefinition/implementationguide-page">
        <valueUri value="ConceptMap-segment-orc-provenance-to-provenance.html"/>
      </extension>
      <reference>
        <reference value="ConceptMap/segment-orc-provenance-to-provenance"/>
      </reference>
      <name value="Segment ORC!Provenance to Provenance Map"/>
      <description value="This ConceptMap represents the mapping from the HL7 V2 ORC!Provenance Segment to the FHIR Provenance Resource representing that segment."/>
      <exampleBoolean value="true"/>
    </resource>
    <resource>
      <extension url="http://hl7.org/fhir/tools/StructureDefinition/resource-information">
        <valueString value="ConceptMap"/>
      </extension>
      <extension url="http://hl7.org/fhir/StructureDefinition/implementationguide-page">
        <valueUri value="ConceptMap-segment-orc-servicerequest-to-servicerequest.html"/>
      </extension>
      <reference>
        <reference value="ConceptMap/segment-orc-servicerequest-to-servicerequest"/>
      </reference>
      <name value="Segment ORC!ServiceRequest to ServiceRequest Map"/>
      <description value="This ConceptMap represents the mapping from the HL7 V2 ORC!ServiceRequest Segment to the FHIR ServiceRequest Resource representing that segment."/>
      <exampleBoolean value="true"/>
    </resource>
    <resource>
      <extension url="http://hl7.org/fhir/tools/StructureDefinition/resource-information">
        <valueString value="ConceptMap"/>
      </extension>
      <extension url="http://hl7.org/fhir/StructureDefinition/implementationguide-page">
        <valueUri value="ConceptMap-segment-pd1-to-patient.html"/>
      </extension>
      <reference>
        <reference value="ConceptMap/segment-pd1-to-patient"/>
      </reference>
      <name value="Segment PD1 to Patient Map"/>
      <description value="This ConceptMap represents the mapping from the HL7 V2 PD1 Segment to the FHIR Patient Resource representing that segment."/>
      <exampleBoolean value="true"/>
    </resource>
    <resource>
      <extension url="http://hl7.org/fhir/tools/StructureDefinition/resource-information">
        <valueString value="ConceptMap"/>
      </extension>
      <extension url="http://hl7.org/fhir/StructureDefinition/implementationguide-page">
        <valueUri value="ConceptMap-segment-pid-to-patient.html"/>
      </extension>
      <reference>
        <reference value="ConceptMap/segment-pid-to-patient"/>
      </reference>
      <name value="Segment PID to Patient Map"/>
      <description value="This ConceptMap represents the mapping from the HL7 V2 PID Segment to the FHIR Patient Resource representing that segment."/>
      <exampleBoolean value="true"/>
    </resource>
    <resource>
      <extension url="http://hl7.org/fhir/tools/StructureDefinition/resource-information">
        <valueString value="ConceptMap"/>
      </extension>
      <extension url="http://hl7.org/fhir/StructureDefinition/implementationguide-page">
        <valueUri value="ConceptMap-segment-pv1-to-encounter.html"/>
      </extension>
      <reference>
        <reference value="ConceptMap/segment-pv1-to-encounter"/>
      </reference>
      <name value="Segment PV1 to Encounter Map"/>
      <description value="This ConceptMap represents the mapping from the HL7 V2 PV1 Segment to the FHIR Encounter Resource representing that segment."/>
      <exampleBoolean value="true"/>
    </resource>
    <resource>
      <extension url="http://hl7.org/fhir/tools/StructureDefinition/resource-information">
        <valueString value="ConceptMap"/>
      </extension>
      <extension url="http://hl7.org/fhir/StructureDefinition/implementationguide-page">
        <valueUri value="ConceptMap-segment-pv2-to-encounter.html"/>
      </extension>
      <reference>
        <reference value="ConceptMap/segment-pv2-to-encounter"/>
      </reference>
      <name value="Segment PV2 to Encounter Map"/>
      <description value="This ConceptMap represents the mapping from the HL7 V2 PV2 Segment to the FHIR Encounter Resource representing that segment."/>
      <exampleBoolean value="true"/>
    </resource>
    <resource>
      <extension url="http://hl7.org/fhir/tools/StructureDefinition/resource-information">
        <valueString value="ConceptMap"/>
      </extension>
      <extension url="http://hl7.org/fhir/StructureDefinition/implementationguide-page">
        <valueUri value="ConceptMap-segment-rol-pid-to-patient.html"/>
      </extension>
      <reference>
        <reference value="ConceptMap/segment-rol-pid-to-patient"/>
      </reference>
      <name value="Segment ROL!PID to Patient Map"/>
      <description value="This ConceptMap represents the mapping from the HL7 V2 ROL!PID Segment to the FHIR Patient Resource representing that segment."/>
      <exampleBoolean value="true"/>
    </resource>
    <resource>
      <extension url="http://hl7.org/fhir/tools/StructureDefinition/resource-information">
        <valueString value="ConceptMap"/>
      </extension>
      <extension url="http://hl7.org/fhir/StructureDefinition/implementationguide-page">
        <valueUri value="ConceptMap-segment-rol-pid-to-relatedperson.html"/>
      </extension>
      <reference>
        <reference value="ConceptMap/segment-rol-pid-to-relatedperson"/>
      </reference>
      <name value="Segment ROL!PID to RelatedPerson Map"/>
      <description value="This ConceptMap represents the mapping from the HL7 V2 ROL!PID Segment to the FHIR RelatedPerson Resource representing that segment."/>
      <exampleBoolean value="true"/>
    </resource>
    <resource>
      <extension url="http://hl7.org/fhir/tools/StructureDefinition/resource-information">
        <valueString value="ConceptMap"/>
      </extension>
      <extension url="http://hl7.org/fhir/StructureDefinition/implementationguide-page">
        <valueUri value="ConceptMap-segment-rol-pv1-to-encounterpv1.html"/>
      </extension>
      <reference>
        <reference value="ConceptMap/segment-rol-pv1-to-encounterpv1"/>
      </reference>
      <name value="Segment ROL!PV1 to Encounter[PV1] Map"/>
      <description value="This ConceptMap represents the mapping from the HL7 V2 ROL!PV1 Segment to the FHIR Encounter[PV1] Resource representing that segment."/>
      <exampleBoolean value="true"/>
    </resource>
    <resource>
      <extension url="http://hl7.org/fhir/tools/StructureDefinition/resource-information">
        <valueString value="ConceptMap"/>
      </extension>
      <extension url="http://hl7.org/fhir/StructureDefinition/implementationguide-page">
        <valueUri value="ConceptMap-segment-rxa-immunization-to-immunization.html"/>
      </extension>
      <reference>
        <reference value="ConceptMap/segment-rxa-immunization-to-immunization"/>
      </reference>
      <name value="Segment RXA!Immunization to Immunization Map"/>
      <description value="This ConceptMap represents the mapping from the HL7 V2 RXA!Immunization Segment to the FHIR Immunization Resource representing that segment."/>
      <exampleBoolean value="true"/>
    </resource>
    <resource>
      <extension url="http://hl7.org/fhir/tools/StructureDefinition/resource-information">
        <valueString value="ConceptMap"/>
      </extension>
      <extension url="http://hl7.org/fhir/StructureDefinition/implementationguide-page">
        <valueUri value="ConceptMap-segment-sft-to-messageheader.html"/>
      </extension>
      <reference>
        <reference value="ConceptMap/segment-sft-to-messageheader"/>
      </reference>
      <name value="Segment SFT to MessageHeader Map"/>
      <description value="This ConceptMap represents the mapping from the HL7 V2 SFT Segment to the FHIR MessageHeader Resource representing that segment."/>
      <exampleBoolean value="true"/>
    </resource>
    <resource>
      <extension url="http://hl7.org/fhir/tools/StructureDefinition/resource-information">
        <valueString value="ConceptMap"/>
      </extension>
      <extension url="http://hl7.org/fhir/StructureDefinition/implementationguide-page">
        <valueUri value="ConceptMap-segment-spm-specimen-to-specimen.html"/>
      </extension>
      <reference>
        <reference value="ConceptMap/segment-spm-specimen-to-specimen"/>
      </reference>
      <name value="Segment SPM!Specimen to Specimen Map"/>
      <description value="This ConceptMap represents the mapping from the HL7 V2 SPM!Specimen Segment to the FHIR Specimen Resource representing that segment."/>
      <exampleBoolean value="true"/>
    </resource>
    <page>
      <nameUrl value="toc.html"/>
      <title value="Table of Contents"/>
      <generation value="html"/>
      <page>
        <nameUrl value="index.html"/>
        <title value="Home"/>
        <generation value="markdown"/>
      </page>
      <page>
        <nameUrl value="acknowledgements.html"/>
        <title value="Acknowledgements"/>
        <generation value="markdown"/>
      </page>
      <page>
        <nameUrl value="codingsystemmaps.html"/>
        <title value="Codingsystemmaps"/>
        <generation value="markdown"/>
      </page>
      <page>
        <nameUrl value="datatypemaps.html"/>
        <title value="Datatypemaps"/>
        <generation value="markdown"/>
      </page>
      <page>
        <nameUrl value="glossary.html"/>
        <title value="Glossary"/>
        <generation value="markdown"/>
      </page>
      <page>
        <nameUrl value="implementationconsiderations.html"/>
        <title value="Implementationconsiderations"/>
        <generation value="markdown"/>
      </page>
      <page>
        <nameUrl value="introduction.html"/>
        <title value="Introduction"/>
        <generation value="markdown"/>
      </page>
      <page>
        <nameUrl value="mappingguidelines.html"/>
        <title value="Mappingguidelines"/>
        <generation value="markdown"/>
      </page>
      <page>
        <nameUrl value="mappingoutputs.html"/>
        <title value="Mappingoutputs"/>
        <generation value="markdown"/>
      </page>
      <page>
        <nameUrl value="messagemaps.html"/>
        <title value="Messagemaps"/>
        <generation value="markdown"/>
      </page>
      <page>
        <nameUrl value="profiles.html"/>
        <title value="Profiles"/>
        <generation value="markdown"/>
      </page>
      <page>
        <nameUrl value="questions.html"/>
        <title value="Questions"/>
        <generation value="markdown"/>
      </page>
      <page>
        <nameUrl value="segmentmaps.html"/>
        <title value="Segmentmaps"/>
        <generation value="markdown"/>
      </page>
      <page>
        <nameUrl value="testconversions.html"/>
        <title value="Testconversions"/>
        <generation value="markdown"/>
      </page>
      <page>
        <nameUrl value="validation.html"/>
        <title value="Validation"/>
        <generation value="markdown"/>
      </page>
    </page>
    <parameter>
      <code value="path-resource"/>
      <value value="input/capabilities"/>
    </parameter>
    <parameter>
      <code value="path-resource"/>
      <value value="input/examples"/>
    </parameter>
    <parameter>
      <code value="path-resource"/>
      <value value="input/extensions"/>
    </parameter>
    <parameter>
      <code value="path-resource"/>
      <value value="input/models"/>
    </parameter>
    <parameter>
      <code value="path-resource"/>
      <value value="input/operations"/>
    </parameter>
    <parameter>
      <code value="path-resource"/>
      <value value="input/profiles"/>
    </parameter>
    <parameter>
      <code value="path-resource"/>
      <value value="input/resources"/>
    </parameter>
    <parameter>
      <code value="path-resource"/>
      <value value="input/vocabulary"/>
    </parameter>
    <parameter>
      <code value="path-pages"/>
      <value value="template/config"/>
    </parameter>
    <parameter>
      <code value="path-pages"/>
      <value value="input/images"/>
    </parameter>
    <parameter>
      <code value="path-tx-cache"/>
      <value value="input-cache/txcache"/>
    </parameter>
  </definition>
</ImplementationGuide>