{"resourceType":"ConceptMap","id":"conceptmap-v2-0200-to-name-type","text":{"status":"generated","div":"<div xmlns=\"http://www.w3.org/1999/xhtml\"><h2>ConceptMap_v2-0200_Map (http://hl7.org/fhir/v2-tofhir)</h2><p>Mapping from <a href=\"http://hl7.org/fhir/R4/v2/0200/index.html\">http://terminology.hl7.org/CodeSystem/v2-0200</a> to (not specified)</p><p>ACTIVE (not intended for production usage). Published on Mar 1, 2020, 12:00:00 AM by HL7 International (HL7 Orders and Observations Workgroup: <a href=\"mailto:https://confluence.hl7.org/display/OO/v2-to-FHIR+IG\">https://confluence.hl7.org/display/OO/v2-to-FHIR+IG</a>, Keith W. Boone: <a href=\"mailto:kboone@ainq.com\">kboone@ainq.com</a>). Copyright (c) 2020, HL7 International, Inc., All Rights Reserved.</p><div><p>This ConceptMap represents the mapping from the HL7 V2 Table v2-0200 to the FHIR Name Type Value Set.</p>\n</div><br/><table class=\"grid\"><tr><td colspan=\"1\"><b>Source Concept Details</b></td><td><b>Relationship</b></td><td colspan=\"1\"><b>Destination Concept Details</b></td></tr><tr><td><b>Code</b> from </td><td/><td><b>Code</b> from </td></tr><tr><td>BAD</td><td><a href=\"http://hl7.org/fhir/R4/codesystem-concept-map-equivalence.html#equivalent\">is equivalent to</a></td><td>old</td></tr><tr><td>D</td><td><a href=\"http://hl7.org/fhir/R4/codesystem-concept-map-equivalence.html#equivalent\">is equivalent to</a></td><td>usual</td></tr><tr><td>L</td><td><a href=\"http://hl7.org/fhir/R4/codesystem-concept-map-equivalence.html#equivalent\">is equivalent to</a></td><td>official</td></tr><tr><td>M</td><td><a href=\"http://hl7.org/fhir/R4/codesystem-concept-map-equivalence.html#equivalent\">is equivalent to</a></td><td>maiden</td></tr><tr><td>MSK</td><td><a href=\"http://hl7.org/fhir/R4/codesystem-concept-map-equivalence.html#equivalent\">is equivalent to</a></td><td>anonymous</td></tr><tr><td>N</td><td><a href=\"http://hl7.org/fhir/R4/codesystem-concept-map-equivalence.html#equivalent\">is equivalent to</a></td><td>nickname</td></tr><tr><td>NAV</td><td><a href=\"http://hl7.org/fhir/R4/codesystem-concept-map-equivalence.html#equivalent\">is equivalent to</a></td><td>temp</td></tr><tr><td>R</td><td><a href=\"http://hl7.org/fhir/R4/codesystem-concept-map-equivalence.html#equivalent\">is equivalent to</a></td><td>official</td></tr><tr><td>TEMP</td><td><a href=\"http://hl7.org/fhir/R4/codesystem-concept-map-equivalence.html#equivalent\">is equivalent to</a></td><td>temp</td></tr></table></div>"},"url":"http://hl7.org/fhir/v2-tofhir","version":"0.1.0","name":"ConceptMap_v2-0200_Map","status":"active","experimental":true,"date":"2020-03-01T00:00:00-05:00","publisher":"HL7 International","contact":[{"name":"HL7 Orders and Observations Workgroup","telecom":[{"system":"email","value":"https://confluence.hl7.org/display/OO/v2-to-FHIR+IG"}]},{"name":"Keith W. Boone","telecom":[{"system":"email","value":"kboone@ainq.com"}]}],"description":"This ConceptMap represents the mapping from the HL7 V2 Table v2-0200 to the FHIR Name Type Value Set.","copyright":"Copyright (c) 2020, HL7 International, Inc., All Rights Reserved.","sourceUri":"http://terminology.hl7.org/CodeSystem/v2-0200","group":[{"element":[{"code":"A","display":"Assigned","target":[{"equivalence":"unmatched"}]},{"code":"B","display":"Birth name","target":[{"equivalence":"unmatched"}]},{"code":"BAD","display":"Bad Name","target":[{"code":"old","display":"Old","equivalence":"equivalent"}]},{"code":"C","display":"Adopted Name","target":[{"equivalence":"unmatched"}]},{"code":"D","display":"Customary Name","target":[{"code":"usual","display":"Usual","equivalence":"equivalent"}]},{"code":"F","display":"Fathers Name","target":[{"equivalence":"unmatched"}]},{"code":"I","display":"Licensing Name","target":[{"equivalence":"unmatched"}]},{"code":"K","display":"Business name","target":[{"equivalence":"unmatched"}]},{"code":"L","display":"Official Registry Name","target":[{"code":"official","display":"Official","equivalence":"equivalent"}]},{"code":"M","display":"Maiden Name","target":[{"code":"maiden","display":"Maiden","equivalence":"equivalent"}]},{"code":"MSK","display":"Masked","target":[{"code":"anonymous","display":"Anonymous","equivalence":"equivalent"}]},{"code":"N","display":"Nickname","target":[{"code":"nickname","display":"Nickname","equivalence":"equivalent"}]},{"code":"NAV","display":"Temporarily Unavailable","target":[{"code":"temp","display":"temp","equivalence":"equivalent"}]},{"code":"NB","display":"Newborn Name","target":[{"equivalence":"unmatched"}]},{"code":"NOUSE","display":"No Longer To Be Used","target":[{"equivalence":"unmatched"}]},{"code":"P","display":"Name of Partner/Spouse","target":[{"equivalence":"unmatched"}]},{"code":"R","display":"Registered Name","target":[{"code":"official","display":"Official","equivalence":"equivalent"}]},{"code":"REL","display":"Religious","target":[{"equivalence":"unmatched"}]},{"code":"S","display":"Pseudonym","target":[{"equivalence":"unmatched"}]},{"code":"T","display":"Indigenous/Tribal","target":[{"equivalence":"unmatched"}]},{"code":"TEMP","display":"Temporary Name","target":[{"code":"temp","display":"Temp","equivalence":"equivalent"}]},{"code":"U","display":"Unknown","target":[{"equivalence":"unmatched"}]}]}]}